Token ID,Image File,Name,Description,External URL,Attributes
0,https://cyberbrokers-api-images.s3.amazonaws.com/65cb94e99b9b326d948f8cd3ed2641ea0498374c3e8553b5e846581b45c25abb.svg,Asherah,'The light.  The source.  The originator of all.  Asherah was the first CyberBroker and all that came after her began their existence starting with her genetic algorithms.  She is the reason TPL exists.',https://cyberbrokers.io/,"[{'trait_type': 'Talent', 'value': 'Source'}, {'trait_type': 'Species', 'value': 'Source'}, {'trait_type': 'Class', 'value': 'Founders'}, {'trait_type': 'Mind', 'value': 30}, {'trait_type': 'Body', 'value': 30}, {'trait_type': 'Soul', 'value': 30"
1,https://cyberbrokers-api-images.s3.amazonaws.com/5fecd10701ceab05b27137d2c6535df9291a586db5698305936af71d2b7e2823.svg,Enticing Delightful,"""Look around you. Everything in TPL is made from code. Hackers hunt from far corner to far corner, querying rough edges for exploits. Sometimes, they'll take commission, but, more than likely, if they're talking to you, be polite.  There's a very expensive reason why you should.""",https://cyberbrokers.io/,"[{'trait_type': 'Talent', 'value': 'Hacker'}, {'trait_type': 'Species', 'value': 'Human'}, {'trait_type': 'Class', 'value': 'Explorers'}, {'trait_type': 'Mind', 'value': 14}, {'trait_type': 'Body', 'value': 16}, {'trait_type': 'Soul', 'value': 14}, {'trait_type': 'Underwear', 'value': 'Dress Blue'}, {'trait_type': 'Pants', 'value': 'Check Engine Light'}, {'trait_type': 'Outerwear', 'value': 'Cyber'"
2,https://cyberbrokers-api-images.s3.amazonaws.com/99f6524d417e6c1499187b1d2b0e607c7cdeda0c2fc30aa292bd1946ac26a336.svg,Unironic Ken,"""Not every Cyberbroker is born with an innate talent. They are the Leftovers. Jacks of all trades, but masters of none. Can't find an Enforcer? Grab some Leftovers instead. After all, there's probably a reason they're still alive after a couple centuries.""",https://cyberbrokers.io/,"[{'trait_type': 'Talent', 'value': 'Leftover'}, {'trait_type': 'Species', 'value': 'Human'}, {'trait_type': 'Class', 'value': 'Leftovers'}, {'trait_type': 'Mind', 'value': 17}, {'trait_type': 'Body', 'value': 13}, {'trait_type': 'Soul', 'value': 26}, {'trait_type': 'Tops', 'value': 'Know When to Hold Them'}, {'trait_type': 'Pants', 'value': 'Coal'}, {'trait_type': 'Shoulders', 'value': 'Pristine'}, {'trait_type': 'Hair', 'value': 'Average Joe'"
3,https://cyberbrokers-api-images.s3.amazonaws.com/fa818698fde8f4c8929035b699d30055547f129e4f3d885a357f2875497fc0a7.svg,Bribe from Skinner,"""Not every Cyberbroker is born with an innate talent. They are the Leftovers. Jacks of all trades, but masters of none. Can't find an Enforcer? Grab some Leftovers instead. After all, there's probably a reason they're still alive after a couple centuries.""",https://cyberbrokers.io/,"[{'trait_type': 'Talent', 'value': 'Leftover'}, {'trait_type': 'Species', 'value': 'Human'}, {'trait_type': 'Class', 'value': 'Leftovers'}, {'trait_type': 'Mind', 'value': 11}, {'trait_type': 'Body', 'value': 20}, {'trait_type': 'Soul', 'value': 7}, {'trait_type': 'Markings', 'value': 'Tattoos'}, {'trait_type': 'Underwear', 'value': 'Charcoal'}, {'trait_type': 'Tops', 'value': 'Saucy'}, {'trait_type': 'Pants', 'value': 'Heliotrope'}, {'trait_type': 'Belts', 'value': 'Tagline'}, {'trait_type': 'Facial Covering', 'value': 'Band Aid'}, {'trait_type': 'Hair', 'value': 'White Smoke'"
4,https://cyberbrokers-api-images.s3.amazonaws.com/e4222fcc60cc0fea4fec76f88fb331437bdaba787d17fb9772638e85f824b649.svg,Laden Riordan,"""Not every Cyberbroker is born with an innate talent. They are the Leftovers. Jacks of all trades, but masters of none. Can't find an Enforcer? Grab some Leftovers instead. After all, there's probably a reason they're still alive after a couple centuries.""",https://cyberbrokers.io/,"[{'trait_type': 'Talent', 'value': 'Leftover'}, {'trait_type': 'Species', 'value': 'Human'}, {'trait_type': 'Class', 'value': 'Leftovers'}, {'trait_type': 'Mind', 'value': 17}, {'trait_type': 'Body', 'value': 13}, {'trait_type': 'Soul', 'value': 16}, {'trait_type': 'Underwear', 'value': 'Merlot'}, {'trait_type': 'Jumpsuit', 'value': 'Transparent'}, {'trait_type': 'Outerwear', 'value': 'Nothing But Discounts'}, {'trait_type': 'Hair', 'value': 'Short'}, {'trait_type': 'Dress', 'value': ""Let's Go Out"""
5,https://cyberbrokers-api-images.s3.amazonaws.com/c1e105cfcea152b8a5a87c2193a355b6e09ecf8e6e62af3c07d0a9d6844620e7.svg,Stinging,"'Digital fanboys and fangirls, flipping out about the next hottest thing can be irritating to some people, but not us.  We love looking in the mirror and seeing a Degen.  Swimming in endless joy, potential, and optimism.  Breathing in deep of that strawberry-flavored hopium.  Degen forever.  <3'",https://cyberbrokers.io/,"[{'trait_type': 'Talent', 'value': 'Degen'}, {'trait_type': 'Species', 'value': 'Human'}, {'trait_type': 'Class', 'value': 'Explorers'}, {'trait_type': 'Mind', 'value': 22}, {'trait_type': 'Body', 'value': 23}, {'trait_type': 'Soul', 'value': 12}, {'trait_type': 'Underwear', 'value': 'Dress Blue'}, {'trait_type': 'Pants', 'value': 'Hip Huggers'}, {'trait_type': 'Hands', 'value': 'Hands In The Air'}, {'trait_type': 'Hat', 'value': 'The 90s Called'}, {'trait_type': 'Accessory', 'value': 'Sunrise Plasma Bear Floatie'}, {'trait_type': 'Tops', 'value': 'SuperRare Jersey'"
6,https://cyberbrokers-api-images.s3.amazonaws.com/a4402e8be85a5bd67ffbb0cbfeeb28bdf9390a14cd2a54feb16264ab1dd9fe3d.svg,Spring Ambrosial,"'Digital fanboys and fangirls, flipping out about the next hottest thing can be irritating to some people, but not us.  We love looking in the mirror and seeing a Degen.  Swimming in endless joy, potential, and optimism.  Breathing in deep of that strawberry-flavored hopium.  Degen forever.  <3'",https://cyberbrokers.io/,"[{'trait_type': 'Talent', 'value': 'Degen'}, {'trait_type': 'Species', 'value': 'Human'}, {'trait_type': 'Class', 'value': 'Explorers'}, {'trait_type': 'Mind', 'value': 23}, {'trait_type': 'Body', 'value': 11}, {'trait_type': 'Soul', 'value': 10}, {'trait_type': 'Underwear', 'value': 'Beet'}, {'trait_type': 'Pants', 'value': 'Aces High'}, {'trait_type': 'Hair', 'value': 'Strawberry'}, {'trait_type': 'Hat', 'value': 'Beanie'}, {'trait_type': 'Accessory', 'value': 'BananaCream Floatie'}, {'trait_type': 'Tops', 'value': 'Ethereum Jersey'"
7,https://cyberbrokers-api-images.s3.amazonaws.com/3bec33c3f469bbc979996c4894c59e30c4a0312e736d6cae13c20f2caa2d5f58.svg,August Alert,"""When your data stick absolutely needs to be there on time and handed off in-person, there is no other option than a Courier.  And all it'll cost you is two days' wages for fast-travel fees and hazard pay.  Delivered in three minutes or it's still not free.""",https://cyberbrokers.io/,"[{'trait_type': 'Talent', 'value': 'Courier'}, {'trait_type': 'Species', 'value': 'Human'}, {'trait_type': 'Class', 'value': 'Services'}, {'trait_type': 'Mind', 'value': 17}, {'trait_type': 'Body', 'value': 19}, {'trait_type': 'Soul', 'value': 10}, {'trait_type': 'Pants', 'value': 'Speedy'}, {'trait_type': 'Outerwear', 'value': 'FAF Pink'}, {'trait_type': 'Sling', 'value': 'Courier Red'}, {'trait_type': 'Hands', 'value': 'Courier'}, {'trait_type': 'Hair', 'value': 'Blinding White'}, {'trait_type': 'Tops', 'value': 'Ethereum Jersey'"
8,https://cyberbrokers-api-images.s3.amazonaws.com/78ca97e2e9d812be23475f89d4fe74134b03ae671da10dab162c5d189de44593.svg,Futsy Weyer,"""Not every Cyberbroker is born with an innate talent. They are the Leftovers. Jacks of all trades, but masters of none. Can't find an Enforcer? Grab some Leftovers instead. After all, there's probably a reason they're still alive after a couple centuries.""",https://cyberbrokers.io/,"[{'trait_type': 'Talent', 'value': 'Leftover'}, {'trait_type': 'Species', 'value': 'Human'}, {'trait_type': 'Class', 'value': 'Leftovers'}, {'trait_type': 'Mind', 'value': 15}, {'trait_type': 'Body', 'value': 25}, {'trait_type': 'Soul', 'value': 8}, {'trait_type': 'Underwear', 'value': 'Charcoal'}, {'trait_type': 'Tops', 'value': 'Xtra Cheese'}, {'trait_type': 'Pants', 'value': ""Can't Touch This""}, {'trait_type': 'Head Accessory', 'value': 'Boomerang'}, {'trait_type': 'Hair', 'value': 'Rubies'"
9,https://cyberbrokers-api-images.s3.amazonaws.com/8271dd36536505aa5be11b9b9a278933878c58d76f457bd811027aa24ee371b2.svg,Marcin from Nomad,"'Digital fanboys and fangirls, flipping out about the next hottest thing can be irritating to some people, but not us.  We love looking in the mirror and seeing a Degen.  Swimming in endless joy, potential, and optimism.  Breathing in deep of that strawberry-flavored hopium.  Degen forever.  <3'",https://cyberbrokers.io/,"[{'trait_type': 'Talent', 'value': 'Degen'}, {'trait_type': 'Species', 'value': 'Human'}, {'trait_type': 'Class', 'value': 'Explorers'}, {'trait_type': 'Mind', 'value': 14}, {'trait_type': 'Body', 'value': 10}, {'trait_type': 'Soul', 'value': 9}, {'trait_type': 'Underwear', 'value': 'Flamingo'}, {'trait_type': 'Pants', 'value': 'Beaker'}, {'trait_type': 'Hair', 'value': 'Just Woke Up'}, {'trait_type': 'Mask', 'value': 'Spray Shield'}, {'trait_type': 'Accessory', 'value': 'ETH Floatie'}, {'trait_type': 'Tops', 'value': 'Filter Jersey'"
10,https://cyberbrokers-api-images.s3.amazonaws.com/49e713c5d8c37647df4e2d9fc6e9bcb504cd24e5eb9009b587848119602c3d58.svg,Troy of the Untidy,"""Not every Cyberbroker is born with an innate talent. They are the Leftovers. Jacks of all trades, but masters of none. Can't find an Enforcer? Grab some Leftovers instead. After all, there's probably a reason they're still alive after a couple centuries.""",https://cyberbrokers.io/,"[{'trait_type': 'Talent', 'value': 'Leftover'}, {'trait_type': 'Species', 'value': 'Human'}, {'trait_type': 'Class', 'value': 'Leftovers'}, {'trait_type': 'Mind', 'value': 20}, {'trait_type': 'Body', 'value': 18}, {'trait_type': 'Soul', 'value': 17}, {'trait_type': 'Pants', 'value': 'Candy-apple Run'}, {'trait_type': 'Hair', 'value': ""So There's A Chance"""
11,https://cyberbrokers-api-images.s3.amazonaws.com/55be50f546539acfda31203f2935c2a55dc78d389c55e57c39098ba1b61a09b3.svg,Noah from Omniscient,"""Sometimes you have stretched UV maps.  Other times, it's a broken DLC patch.  Regardless of what corner of TPL is busted, Mechanics have the right tool for the job.  They're expensive, but you're going to have to call them anyway after you try and fix it yourself.""",https://cyberbrokers.io/,"[{'trait_type': 'Talent', 'value': 'Mechanic'}, {'trait_type': 'Species', 'value': 'Human'}, {'trait_type': 'Class', 'value': 'Services'}, {'trait_type': 'Mind', 'value': 11}, {'trait_type': 'Body', 'value': 15}, {'trait_type': 'Soul', 'value': 25}, {'trait_type': 'Robotic Arms', 'value': 'It Will Burn Ya'}, {'trait_type': 'Pants', 'value': 'Check Engine Light'}, {'trait_type': 'Belts', 'value': 'Righty Tighty'}, {'trait_type': 'Shoulders', 'value': 'Hielo'}, {'trait_type': 'Facial Covering', 'value': 'Santa'}, {'trait_type': 'Hat', 'value': 'Cap'"
12,https://cyberbrokers-api-images.s3.amazonaws.com/7f6399dba2d39a723eba6f7f544605eee2f50ce02515ad452690985fb934c500.svg,Eden Primal,"""They say professional poker players make the best strategy gamers.  It's because the ability to runtime calculate probabilities is an extreme advantage in digital combat.  You have to know when to hatchet, know when to run, and always make sure to watch the eyes.""",https://cyberbrokers.io/,"[{'trait_type': 'Talent', 'value': 'Gambler'}, {'trait_type': 'Species', 'value': 'Human'}, {'trait_type': 'Class', 'value': 'Warriors'}, {'trait_type': 'Mind', 'value': 6}, {'trait_type': 'Body', 'value': 21}, {'trait_type': 'Soul', 'value': 19}, {'trait_type': 'Underwear', 'value': 'Dress Blue'}, {'trait_type': 'Underwear', 'value': 'Merlot'}, {'trait_type': 'Tops', 'value': 'Know When to Hold Them'}, {'trait_type': 'Dress', 'value': 'Glass'}, {'trait_type': 'Hair', 'value': 'Mini Mint'}, {'trait_type': 'Accessory', 'value': 'Stack The Deck'"
13,https://cyberbrokers-api-images.s3.amazonaws.com/db85368f12475c06875302554cc3ccbbea0aa53468c3fd366c5d1e3b6b66e683.svg,Emprise,"""Look around you. Everything in TPL is made from code. Hackers hunt from far corner to far corner, querying rough edges for exploits. Sometimes, they'll take commission, but, more than likely, if they're talking to you, be polite.  There's a very expensive reason why you should.""",https://cyberbrokers.io/,"[{'trait_type': 'Talent', 'value': 'Hacker'}, {'trait_type': 'Species', 'value': 'Human'}, {'trait_type': 'Class', 'value': 'Explorers'}, {'trait_type': 'Mind', 'value': 13}, {'trait_type': 'Body', 'value': 15}, {'trait_type': 'Soul', 'value': 9}, {'trait_type': 'Underwear', 'value': 'Vixen'}, {'trait_type': 'Pants', 'value': 'Bash'}, {'trait_type': 'Outerwear', 'value': 'Cyber Teal'}, {'trait_type': 'Shoulders', 'value': 'Squeakers'"
14,https://cyberbrokers-api-images.s3.amazonaws.com/f359f0d26dd270887e8ae892ac51eb92206222dad8acd1e2c2a41b175325e4bd.svg,Oleracea Icy,"""Look around you. Everything in TPL is made from code. Hackers hunt from far corner to far corner, querying rough edges for exploits. Sometimes, they'll take commission, but, more than likely, if they're talking to you, be polite.  There's a very expensive reason why you should.""",https://cyberbrokers.io/,"[{'trait_type': 'Talent', 'value': 'Hacker'}, {'trait_type': 'Species', 'value': 'Human'}, {'trait_type': 'Class', 'value': 'Explorers'}, {'trait_type': 'Mind', 'value': 15}, {'trait_type': 'Body', 'value': 16}, {'trait_type': 'Soul', 'value': 18}, {'trait_type': 'Underwear', 'value': 'Dress Blue'}, {'trait_type': 'Tops', 'value': 'Spider'}, {'trait_type': 'Pants', 'value': 'Moss Silent But Deadly'}, {'trait_type': 'Outerwear', 'value': 'Cyber'"
15,https://cyberbrokers-api-images.s3.amazonaws.com/a3ba642fa7de3a5fd47d785c4e3d6e17595b58478ff401eb0d8f7cf9af71c954.svg,Chase Caly,"""Not every Cyberbroker is born with an innate talent. They are the Leftovers. Jacks of all trades, but masters of none. Can't find an Enforcer? Grab some Leftovers instead. After all, there's probably a reason they're still alive after a couple centuries.""",https://cyberbrokers.io/,"[{'trait_type': 'Talent', 'value': 'Leftover'}, {'trait_type': 'Species', 'value': 'Human'}, {'trait_type': 'Class', 'value': 'Leftovers'}, {'trait_type': 'Mind', 'value': 16}, {'trait_type': 'Body', 'value': 20}, {'trait_type': 'Soul', 'value': 24}, {'trait_type': 'Tops', 'value': 'Mermaid'}, {'trait_type': 'Pants', 'value': 'Ocean Waves'}, {'trait_type': 'Facial Covering', 'value': 'Razer Burn'}, {'trait_type': 'Hair', 'value': 'Cyber Gentleman'}, {'trait_type': 'Tops', 'value': 'Essential Hoodie'"
16,https://cyberbrokers-api-images.s3.amazonaws.com/178d7ddd83c440208b3910238f314d4505d70bcd0ec0101673e591a9f18a077b.svg,Maha,"'Flaring cloaks, bone poultices, and glamorous headgear make it hard to miss these combat medics on the battlefield.  Especially on busy days when they conjure sixty meter-high guardian totems to provide cover for their healing ministrations.  Because the best defense is a soul-crushing offense.'",https://cyberbrokers.io/,"[{'trait_type': 'Talent', 'value': 'Shaman'}, {'trait_type': 'Species', 'value': 'Human'}, {'trait_type': 'Class', 'value': 'Warriors'}, {'trait_type': 'Mind', 'value': 13}, {'trait_type': 'Body', 'value': 21}, {'trait_type': 'Soul', 'value': 14}, {'trait_type': 'Underwear', 'value': 'Merlot'}, {'trait_type': 'Shoulders', 'value': 'Mauve Is Back'}, {'trait_type': 'Shoulders', 'value': 'Take Flight'}, {'trait_type': 'Necklace', 'value': 'Breath'}, {'trait_type': 'Hair', 'value': 'Half Up Headband'}, {'trait_type': 'Head Accessory', 'value': 'Moon'}, {'trait_type': 'Tops', 'value': 'Flaring'"
17,https://cyberbrokers-api-images.s3.amazonaws.com/f6ee96422cf74d878017fddd7c1272236f3d7f9300f4529c4bc20e1327541282.svg,Gavin  Aged Nico,"""Not every Cyberbroker is born with an innate talent. They are the Leftovers. Jacks of all trades, but masters of none. Can't find an Enforcer? Grab some Leftovers instead. After all, there's probably a reason they're still alive after a couple centuries.""",https://cyberbrokers.io/,"[{'trait_type': 'Talent', 'value': 'Leftover'}, {'trait_type': 'Species', 'value': 'Human'}, {'trait_type': 'Class', 'value': 'Leftovers'}, {'trait_type': 'Mind', 'value': 14}, {'trait_type': 'Body', 'value': 17}, {'trait_type': 'Soul', 'value': 25}, {'trait_type': 'Pants', 'value': 'Chocolate Orange'}, {'trait_type': 'Bracelet', 'value': 'Foil'}, {'trait_type': 'Outerwear', 'value': 'Blends In'}, {'trait_type': 'Facial Covering', 'value': 'Cavalier'}, {'trait_type': 'Hair', 'value': 'Intrigued'"
18,https://cyberbrokers-api-images.s3.amazonaws.com/2f596811fce0f116f4fa6d1bfdd8cf23f83b9462dc7b9824b2548d63a0063cd5.svg,Poinsettia Crunch,"""Even in TPL, digital items can fall off the back of a truck.  Well, maybe more like they can be found, but after being lost and forgotten on the Strip.  Kind of.  More like laying lost along the Strip, but if the Strip was actually a private wallet.  I mean, they're just sitting there for anyone to take, right?""",https://cyberbrokers.io/,"[{'trait_type': 'Talent', 'value': 'Looter'}, {'trait_type': 'Species', 'value': 'Human'}, {'trait_type': 'Class', 'value': 'Explorers'}, {'trait_type': 'Mind', 'value': 14}, {'trait_type': 'Body', 'value': 15}, {'trait_type': 'Soul', 'value': 10}, {'trait_type': 'Underwear', 'value': 'Charcoal'}, {'trait_type': 'Tops', 'value': 'Free For All'}, {'trait_type': 'Pants', 'value': 'Run'}, {'trait_type': 'Mask', 'value': 'Breathe Wear'}, {'trait_type': 'Outerwear', 'value': 'Vanish Red'"
19,https://cyberbrokers-api-images.s3.amazonaws.com/d38eb8902bf056cd9aae1c348c8458f032c434475dd87fd75a8439916666b3cb.svg,James Chalet,"""Not every Cyberbroker is born with an innate talent. They are the Leftovers. Jacks of all trades, but masters of none. Can't find an Enforcer? Grab some Leftovers instead. After all, there's probably a reason they're still alive after a couple centuries.""",https://cyberbrokers.io/,"[{'trait_type': 'Talent', 'value': 'Leftover'}, {'trait_type': 'Species', 'value': 'Human'}, {'trait_type': 'Class', 'value': 'Leftovers'}, {'trait_type': 'Mind', 'value': 23}, {'trait_type': 'Body', 'value': 19}, {'trait_type': 'Soul', 'value': 22}, {'trait_type': 'Tops', 'value': 'Lugnut'}, {'trait_type': 'Pants', 'value': 'Taffy'}, {'trait_type': 'Facial Covering', 'value': 'Mr. Right'}, {'trait_type': 'Hair', 'value': ""I'm a Pro"""
20,https://cyberbrokers-api-images.s3.amazonaws.com/87e2540e05cbe3d983e509b5c431be5630a6e006d69a6e8cb664429b02f2ea97.svg,Hot Perilous,"""Even in TPL, digital items can fall off the back of a truck.  Well, maybe more like they can be found, but after being lost and forgotten on the Strip.  Kind of.  More like laying lost along the Strip, but if the Strip was actually a private wallet.  I mean, they're just sitting there for anyone to take, right?""",https://cyberbrokers.io/,"[{'trait_type': 'Talent', 'value': 'Looter'}, {'trait_type': 'Species', 'value': 'Human'}, {'trait_type': 'Class', 'value': 'Explorers'}, {'trait_type': 'Mind', 'value': 27}, {'trait_type': 'Body', 'value': 21}, {'trait_type': 'Soul', 'value': 18}, {'trait_type': 'Pants', 'value': 'Candy-apple Run'}, {'trait_type': 'Eyes', 'value': 'Coast is Clear'}, {'trait_type': 'Mask', 'value': 'Looter 2'"
21,https://cyberbrokers-api-images.s3.amazonaws.com/c2a2900ce015aeee51159597bcbfed3cc984b28a8c3d27c8e9209549b1899d79.svg,Keiran from Covert,"'Digital fanboys and fangirls, flipping out about the next hottest thing can be irritating to some people, but not us.  We love looking in the mirror and seeing a Degen.  Swimming in endless joy, potential, and optimism.  Breathing in deep of that strawberry-flavored hopium.  Degen forever.  <3'",https://cyberbrokers.io/,"[{'trait_type': 'Talent', 'value': 'Degen'}, {'trait_type': 'Species', 'value': 'Human'}, {'trait_type': 'Class', 'value': 'Explorers'}, {'trait_type': 'Mind', 'value': 21}, {'trait_type': 'Body', 'value': 11}, {'trait_type': 'Soul', 'value': 11}, {'trait_type': 'Underwear', 'value': 'Flamingo'}, {'trait_type': 'Pants', 'value': 'Hip Huggers'}, {'trait_type': 'Helmet', 'value': 'Red Courier'}, {'trait_type': 'Accessory', 'value': 'Cryptovoxels Floatie'}, {'trait_type': 'Tops', 'value': 'Ethereum Jersey'"
22,https://cyberbrokers-api-images.s3.amazonaws.com/2a53bf4e50b1a6a0aeaafa84001d2863d7b2c7598c0ff7fabfe5866f4b9254dc.svg,Favorable Helfpul,"""Behind every successful Politician are dozens of Incumbents.  And, it takes dozens to smoothly run an office because their goldfish brains keep forgetting what they were doing every time they enter the room.  On the bright side, it means they're pretty worthless to kidnap for information on their bosses.  Assuming they even remember who they work for.""",https://cyberbrokers.io/,"[{'trait_type': 'Talent', 'value': 'Incumbent'}, {'trait_type': 'Species', 'value': 'Incumbant'}, {'trait_type': 'Class', 'value': 'Services'}, {'trait_type': 'Mind', 'value': 24}, {'trait_type': 'Body', 'value': 22}, {'trait_type': 'Soul', 'value': 21"
23,https://cyberbrokers-api-images.s3.amazonaws.com/5d0e351565ab602f090b3b96e071578b9f952fbfdebee8f1ab7d06aba60a95a7.svg,Gamma of the Terrace,"""Not every Cyberbroker is born with an innate talent. They are the Leftovers. Jacks of all trades, but masters of none. Can't find an Enforcer? Grab some Leftovers instead. After all, there's probably a reason they're still alive after a couple centuries.""",https://cyberbrokers.io/,"[{'trait_type': 'Talent', 'value': 'Leftover'}, {'trait_type': 'Species', 'value': 'Human'}, {'trait_type': 'Class', 'value': 'Leftovers'}, {'trait_type': 'Mind', 'value': 28}, {'trait_type': 'Body', 'value': 14}, {'trait_type': 'Soul', 'value': 10}, {'trait_type': 'Underwear', 'value': 'Charcoal'}, {'trait_type': 'Tops', 'value': 'Mermaid'}, {'trait_type': 'Pants', 'value': 'Holy'}, {'trait_type': 'Hair', 'value': 'Grape Crush'"
24,https://cyberbrokers-api-images.s3.amazonaws.com/00b28697e1e10ecfbecb76ec60cb3394c923936f60ae3d6a348aa25205edee40.svg,Crash Shy,"""Not every Cyberbroker is born with an innate talent. They are the Leftovers. Jacks of all trades, but masters of none. Can't find an Enforcer? Grab some Leftovers instead. After all, there's probably a reason they're still alive after a couple centuries.""",https://cyberbrokers.io/,"[{'trait_type': 'Talent', 'value': 'Leftover'}, {'trait_type': 'Species', 'value': 'Human'}, {'trait_type': 'Class', 'value': 'Leftovers'}, {'trait_type': 'Mind', 'value': 15}, {'trait_type': 'Body', 'value': 25}, {'trait_type': 'Soul', 'value': 6}, {'trait_type': 'Pants', 'value': 'Wine Cover of Night'}, {'trait_type': 'Vest', 'value': 'Trinity'}, {'trait_type': 'Facial Covering', 'value': 'Band Aid'}, {'trait_type': 'Helmet', 'value': 'Envoy'"
25,https://cyberbrokers-api-images.s3.amazonaws.com/59c30124984b3d466e2ef8ac6c0bb04ec02fb53bf5efb5b62f0ef2671ba028ae.svg,Panther,"""Not every Cyberbroker is born with an innate talent. They are the Leftovers. Jacks of all trades, but masters of none. Can't find an Enforcer? Grab some Leftovers instead. After all, there's probably a reason they're still alive after a couple centuries.""",https://cyberbrokers.io/,"[{'trait_type': 'Talent', 'value': 'Leftover'}, {'trait_type': 'Species', 'value': 'Human'}, {'trait_type': 'Class', 'value': 'Leftovers'}, {'trait_type': 'Mind', 'value': 21}, {'trait_type': 'Body', 'value': 22}, {'trait_type': 'Soul', 'value': 17}, {'trait_type': 'Underwear', 'value': 'Beet'}, {'trait_type': 'Pants', 'value': ""It's Just A Scratch""}, {'trait_type': 'Belts', 'value': 'Jungle'}, {'trait_type': 'Shoulders', 'value': 'Lucky 13'}, {'trait_type': 'Hair', 'value': 'Genie'}, {'trait_type': 'Tops', 'value': 'Filter Jersey'"
26,https://cyberbrokers-api-images.s3.amazonaws.com/0f5bf9624503bdd596316c8f9a53e01f8d81b6c9e43b75058df17a295e78c869.svg,Enigma Unreal,"""Yieldfarmers tend to spend an other-worldly amount on gas, but that's the price you pay for those juicy returns.  This isn't like your grandfather's crop, and there isn't much time for the herd of sheeple.  It's stake and farm and stake and farm, forever chasing that four-digit APY.""",https://cyberbrokers.io/,"[{'trait_type': 'Talent', 'value': 'Yieldfarmer'}, {'trait_type': 'Species', 'value': 'Human'}, {'trait_type': 'Class', 'value': 'Creators'}, {'trait_type': 'Mind', 'value': 11}, {'trait_type': 'Body', 'value': 19}, {'trait_type': 'Soul', 'value': 25}, {'trait_type': 'Underwear', 'value': 'Vixen'}, {'trait_type': 'Underwear', 'value': 'Beet'}, {'trait_type': 'Tops', 'value': 'Agrótis Brown'}, {'trait_type': 'Pants', 'value': 'Jailbird Overalls'}, {'trait_type': 'Vest', 'value': 'Polar Vest'}, {'trait_type': 'Hair', 'value': 'Icy'}, {'trait_type': 'Eyes', 'value': 'Statistics Pink'}, {'trait_type': 'Head Accessory', 'value': 'Straw'"
27,https://cyberbrokers-api-images.s3.amazonaws.com/3b4266fc6591b8d94ee6ab3150e175df03e42a38dedffa278c4f3f42d96c4471.svg,Yummy,"""Debugging and refactoring.  Nurses spend the majority of their day fixing slagged objects throughout TPL.  Unfortunately, often arriving long after they should have been notified of the need.  Masters of sweeping littered bits from the floor, they're typically overworked and under-comped, so irritating them is not advisable.""",https://cyberbrokers.io/,"[{'trait_type': 'Talent', 'value': 'Nurse'}, {'trait_type': 'Species', 'value': 'Human'}, {'trait_type': 'Class', 'value': 'Services'}, {'trait_type': 'Mind', 'value': 20}, {'trait_type': 'Body', 'value': 10}, {'trait_type': 'Soul', 'value': 20}, {'trait_type': 'Back', 'value': 'Wings'}, {'trait_type': 'Dress', 'value': 'Latex'}, {'trait_type': 'Bracelet', 'value': 'Foil'}, {'trait_type': 'Hands', 'value': 'One Punch'}, {'trait_type': 'Belts', 'value': 'Medicine Bag'}, {'trait_type': 'Outerwear', 'value': 'Code'}, {'trait_type': 'Hair', 'value': 'Escape'"
28,https://cyberbrokers-api-images.s3.amazonaws.com/28b04d27528aa1585b53a4b22f65f9635dd48eaa20df8bded431576189314042.svg,Uma Buzzy,"'Digital fanboys and fangirls, flipping out about the next hottest thing can be irritating to some people, but not us.  We love looking in the mirror and seeing a Degen.  Swimming in endless joy, potential, and optimism.  Breathing in deep of that strawberry-flavored hopium.  Degen forever.  <3'",https://cyberbrokers.io/,"[{'trait_type': 'Talent', 'value': 'Degen'}, {'trait_type': 'Species', 'value': 'Human'}, {'trait_type': 'Class', 'value': 'Explorers'}, {'trait_type': 'Mind', 'value': 21}, {'trait_type': 'Body', 'value': 11}, {'trait_type': 'Soul', 'value': 16}, {'trait_type': 'Underwear', 'value': 'Confidential'}, {'trait_type': 'Pants', 'value': 'Hip Huggers'}, {'trait_type': 'Mask', 'value': 'Breathe Wear'}, {'trait_type': 'Hair', 'value': 'Two Buns'}, {'trait_type': 'Accessory', 'value': 'Bitcoin Floatie'}, {'trait_type': 'Tops', 'value': 'Cryptovoxels Jersey'"
29,https://cyberbrokers-api-images.s3.amazonaws.com/458ccffc8b4f1ea582677f7a74e259225b24bb90222f14084078ded97713661c.svg,Gruff Prolific,"""Yieldfarmers tend to spend an other-worldly amount on gas, but that's the price you pay for those juicy returns.  This isn't like your grandfather's crop, and there isn't much time for the herd of sheeple.  It's stake and farm and stake and farm, forever chasing that four-digit APY.""",https://cyberbrokers.io/,"[{'trait_type': 'Talent', 'value': 'Yieldfarmer'}, {'trait_type': 'Species', 'value': 'Human'}, {'trait_type': 'Class', 'value': 'Creators'}, {'trait_type': 'Mind', 'value': 12}, {'trait_type': 'Body', 'value': 23}, {'trait_type': 'Soul', 'value': 22}, {'trait_type': 'Tops', 'value': 'Brown Agrótis'}, {'trait_type': 'Pants', 'value': ""Saint Patrick's Overalls""}, {'trait_type': 'Sling', 'value': 'Stake'}, {'trait_type': 'Hair', 'value': 'Dashing'}, {'trait_type': 'Eyes', 'value': 'Statistics Green'}, {'trait_type': 'Head Accessory', 'value': 'Straw'"
30,https://cyberbrokers-api-images.s3.amazonaws.com/b881496968ebb50c428a9225bf08044730464e052ce33777c16c7fe928e8e7fc.svg,Funky,"""Even in TPL, digital items can fall off the back of a truck.  Well, maybe more like they can be found, but after being lost and forgotten on the Strip.  Kind of.  More like laying lost along the Strip, but if the Strip was actually a private wallet.  I mean, they're just sitting there for anyone to take, right?""",https://cyberbrokers.io/,"[{'trait_type': 'Talent', 'value': 'Looter'}, {'trait_type': 'Species', 'value': 'Human'}, {'trait_type': 'Class', 'value': 'Explorers'}, {'trait_type': 'Mind', 'value': 21}, {'trait_type': 'Body', 'value': 21}, {'trait_type': 'Soul', 'value': 20}, {'trait_type': 'Pants', 'value': 'Run'}, {'trait_type': 'Outerwear', 'value': 'Surprise'}, {'trait_type': 'Mask', 'value': 'Looter 2'"
31,https://cyberbrokers-api-images.s3.amazonaws.com/3c0e02a84140d459f6d373d90656b39506e038323f575c0428ce2e4213e59fbd.svg,Trista the Average,"""Not all content is created equal.  Some is created, splayed across silken sheets, while finding lithe, chordal slopes, and glistening thick with the heavy scent of crushed water lilies and melancholy.  All of it captured in hi-res 'grams for a fat stack of coin and your sweaty pleasure.""",https://cyberbrokers.io/,"[{'trait_type': 'Talent', 'value': 'Cammer'}, {'trait_type': 'Species', 'value': 'Human'}, {'trait_type': 'Class', 'value': 'Creators'}, {'trait_type': 'Mind', 'value': 11}, {'trait_type': 'Body', 'value': 21}, {'trait_type': 'Soul', 'value': 16}, {'trait_type': 'Underwear', 'value': 'Confidential'}, {'trait_type': 'Tops', 'value': 'Saucy'}, {'trait_type': 'Dress', 'value': 'Glass'}, {'trait_type': 'Hair', 'value': 'Stringy'}, {'trait_type': 'Eyes', 'value': 'Gear Scanner'"
32,https://cyberbrokers-api-images.s3.amazonaws.com/449c6c42ac4c4b0bceebedd2821d329676dc43daab505ddef63bf88ee87c5ba7.svg,Persephone the Airy,"""When your data stick absolutely needs to be there on time and handed off in-person, there is no other option than a Courier.  And all it'll cost you is two days' wages for fast-travel fees and hazard pay.  Delivered in three minutes or it's still not free.""",https://cyberbrokers.io/,"[{'trait_type': 'Talent', 'value': 'Courier'}, {'trait_type': 'Species', 'value': 'Human'}, {'trait_type': 'Class', 'value': 'Services'}, {'trait_type': 'Mind', 'value': 20}, {'trait_type': 'Body', 'value': 26}, {'trait_type': 'Soul', 'value': 13}, {'trait_type': 'Underwear', 'value': 'Vixen'}, {'trait_type': 'Pants', 'value': ""Can't Touch This""}, {'trait_type': 'Outerwear', 'value': 'FAF Orange'}, {'trait_type': 'Sling', 'value': 'Courier Green'}, {'trait_type': 'Hands', 'value': 'Courier'}, {'trait_type': 'Facial Piercing', 'value': 'Piercing'}, {'trait_type': 'Eyes', 'value': 'Trippy'}, {'trait_type': 'Mask', 'value': 'Kerchief'}, {'trait_type': 'Hair', 'value': 'Puddin'"
33,https://cyberbrokers-api-images.s3.amazonaws.com/42d96a7182cff57be71e34f6dfaff712b75d4cebfe528fe16befc173d63b62cc.svg,Ian  Ambrosial,"'Digital fanboys and fangirls, flipping out about the next hottest thing can be irritating to some people, but not us.  We love looking in the mirror and seeing a Degen.  Swimming in endless joy, potential, and optimism.  Breathing in deep of that strawberry-flavored hopium.  Degen forever.  <3'",https://cyberbrokers.io/,"[{'trait_type': 'Talent', 'value': 'Degen'}, {'trait_type': 'Species', 'value': 'Human'}, {'trait_type': 'Class', 'value': 'Explorers'}, {'trait_type': 'Mind', 'value': 24}, {'trait_type': 'Body', 'value': 12}, {'trait_type': 'Soul', 'value': 12}, {'trait_type': 'Underwear', 'value': 'Flamingo'}, {'trait_type': 'Pants', 'value': 'Hip Huggers'}, {'trait_type': 'Hair', 'value': 'Just Woke Up'}, {'trait_type': 'Accessory', 'value': 'Bitcoin Floatie'}, {'trait_type': 'Tops', 'value': 'Bitcoin Jersey'"
34,https://cyberbrokers-api-images.s3.amazonaws.com/5ed4f522fa2ed78ac8e256c4a883c4d0178251efd797b729142d3cadc8c36f8b.svg,Frank Press,"""Not every Cyberbroker is born with an innate talent. They are the Leftovers. Jacks of all trades, but masters of none. Can't find an Enforcer? Grab some Leftovers instead. After all, there's probably a reason they're still alive after a couple centuries.""",https://cyberbrokers.io/,"[{'trait_type': 'Talent', 'value': 'Leftover'}, {'trait_type': 'Species', 'value': 'Human'}, {'trait_type': 'Class', 'value': 'Leftovers'}, {'trait_type': 'Mind', 'value': 16}, {'trait_type': 'Body', 'value': 14}, {'trait_type': 'Soul', 'value': 6}, {'trait_type': 'Pants', 'value': 'Chocolate Orange'}, {'trait_type': 'Shoulders', 'value': 'Biker'}, {'trait_type': 'Hat', 'value': 'Cap'}, {'trait_type': 'Tops', 'value': 'Baseline'"
35,https://cyberbrokers-api-images.s3.amazonaws.com/5e1a8680e803800abbe63da0fb53a7c94bfac762f8a9e8febfbef6772057da0d.svg,Kirk Crunch,"'Inspiration and enlightenment often flow in the same direction, but originate from separate sources.  Be like the outcropping that nudges the two together and channels them into parallel paths.  Only then are you an oarsman on their river journey, coming together as two parts of a whole.  I am so high right now.'",https://cyberbrokers.io/,"[{'trait_type': 'Talent', 'value': 'Tripper'}, {'trait_type': 'Species', 'value': 'Human'}, {'trait_type': 'Class', 'value': 'Explorers'}, {'trait_type': 'Mind', 'value': 21}, {'trait_type': 'Body', 'value': 13}, {'trait_type': 'Soul', 'value': 23}, {'trait_type': 'Jumpsuit', 'value': 'Fiery Dasher'}, {'trait_type': 'Outerwear', 'value': 'Kaleidoscopic'}, {'trait_type': 'Eyes', 'value': 'Trippy'}, {'trait_type': 'Hair', 'value': ""80's Punk""}, {'trait_type': 'Head Accessory', 'value': 'Up In Smoke'}, {'trait_type': 'Head Accessory', 'value': 'Angelic Aura'"
36,https://cyberbrokers-api-images.s3.amazonaws.com/f177201d1a63ee78773ad8b62feda1163b0b53173ab5b2d6c939601219457ed7.svg,Piquant Gery,"""Not every Cyberbroker is born with an innate talent. They are the Leftovers. Jacks of all trades, but masters of none. Can't find an Enforcer? Grab some Leftovers instead. After all, there's probably a reason they're still alive after a couple centuries.""",https://cyberbrokers.io/,"[{'trait_type': 'Talent', 'value': 'Leftover'}, {'trait_type': 'Species', 'value': 'Human'}, {'trait_type': 'Class', 'value': 'Leftovers'}, {'trait_type': 'Mind', 'value': 17}, {'trait_type': 'Body', 'value': 22}, {'trait_type': 'Soul', 'value': 19}, {'trait_type': 'Pants', 'value': ""Can't Touch This""}, {'trait_type': 'Outerwear', 'value': 'Envy'}, {'trait_type': 'Helmet', 'value': 'Droid'"
37,https://cyberbrokers-api-images.s3.amazonaws.com/0dd64a15e847a0d6dc7a101fa36108429c4befcfb5bdc5276d6856317981dfd6.svg,Alcove from Dunn,"""Not every Cyberbroker is born with an innate talent. They are the Leftovers. Jacks of all trades, but masters of none. Can't find an Enforcer? Grab some Leftovers instead. After all, there's probably a reason they're still alive after a couple centuries.""",https://cyberbrokers.io/,"[{'trait_type': 'Talent', 'value': 'Leftover'}, {'trait_type': 'Species', 'value': 'Human'}, {'trait_type': 'Class', 'value': 'Leftovers'}, {'trait_type': 'Mind', 'value': 15}, {'trait_type': 'Body', 'value': 16}, {'trait_type': 'Soul', 'value': 19}, {'trait_type': 'Underwear', 'value': 'Navy Strap'}, {'trait_type': 'Pants', 'value': 'Taffy'}, {'trait_type': 'Belts', 'value': 'Tagline'}, {'trait_type': 'Eyes', 'value': 'Patch'}, {'trait_type': 'Hair', 'value': 'Wispy'}, {'trait_type': 'Dress', 'value': ""Let's Go Out"""
38,https://cyberbrokers-api-images.s3.amazonaws.com/b4ba244a374e97d1e2c1a497ff9732378b4b7252fc3d9b68ed2f2e46781cf731.svg,Banging,"'Demons specialize in penetration.  Infiltrating and infecting your underlying core systems.  When cornered, Demons fight, fangs bared, and slashing before finally vanishing.  Rumor has it their goth-black ability even impels PVP features into non-PVP zones where, at any moment, the ground might erupt in wings and talons.'",https://cyberbrokers.io/,"[{'trait_type': 'Talent', 'value': 'Demon'}, {'trait_type': 'Species', 'value': 'Demon'}, {'trait_type': 'Class', 'value': 'Warriors'}, {'trait_type': 'Mind', 'value': 5}, {'trait_type': 'Body', 'value': 22}, {'trait_type': 'Soul', 'value': 18"
39,https://cyberbrokers-api-images.s3.amazonaws.com/3e29378bd9d4ead155ce0c5ecb22fe3dcd6988ed1aac3f6c9605bfe19aac4a9e.svg,The Blue,'What happens when lucid dreamers have their brains wired into the metaverse?  Viscuous sprays of color and mentation coat the world wherever they wander.  Which means the ability to manifest whatever glorious tinsel springs to mind makes them awfully hard to miss at a party.',https://cyberbrokers.io/,"[{'trait_type': 'Talent', 'value': 'Dreamer'}, {'trait_type': 'Species', 'value': 'Human'}, {'trait_type': 'Class', 'value': 'Creators'}, {'trait_type': 'Mind', 'value': 14}, {'trait_type': 'Body', 'value': 12}, {'trait_type': 'Soul', 'value': 15}, {'trait_type': 'Jumpsuit', 'value': 'Cool Clouds'}, {'trait_type': 'Accessory', 'value': 'Clouds'}, {'trait_type': 'Hair', 'value': 'Wild & Free'}, {'trait_type': 'Helmet', 'value': 'DJ Helmet'"
40,https://cyberbrokers-api-images.s3.amazonaws.com/c6d40e394f7bb4cd961da5c50b5d3df057e1c7827e81d6478d304e0292952b63.svg,Electric Mckee,"""Not every Cyberbroker is born with an innate talent. They are the Leftovers. Jacks of all trades, but masters of none. Can't find an Enforcer? Grab some Leftovers instead. After all, there's probably a reason they're still alive after a couple centuries.""",https://cyberbrokers.io/,"[{'trait_type': 'Talent', 'value': 'Leftover'}, {'trait_type': 'Species', 'value': 'Human'}, {'trait_type': 'Class', 'value': 'Leftovers'}, {'trait_type': 'Mind', 'value': 24}, {'trait_type': 'Body', 'value': 21}, {'trait_type': 'Soul', 'value': 16}, {'trait_type': 'Pants', 'value': 'Chocolate Orange'}, {'trait_type': 'Outerwear', 'value': 'Unicorn'}, {'trait_type': 'Facial Covering', 'value': 'Mod'}, {'trait_type': 'Facial Piercing', 'value': 'Spike'}, {'trait_type': 'Hair', 'value': 'Yin and Yang'"
41,https://cyberbrokers-api-images.s3.amazonaws.com/b154a2622a7488187c7c597a2463e7099222b6306b61f4ccce093f9193e298e2.svg,Malik,"'Making loot vanish is a rare skill.  Rarer still, is the ability to make it reappear.  Smugglers have perfected tactics like flipping normals to hide their booty from suspicious eyes.  Once on the other side of the delivery, everything is returned.  Everything, of course, except for a few bits skimmed off the backside.'",https://cyberbrokers.io/,"[{'trait_type': 'Talent', 'value': 'Smuggler'}, {'trait_type': 'Species', 'value': 'Human'}, {'trait_type': 'Class', 'value': 'Services'}, {'trait_type': 'Mind', 'value': 15}, {'trait_type': 'Body', 'value': 17}, {'trait_type': 'Soul', 'value': 17}, {'trait_type': 'Pants', 'value': ""Can't Touch This""}, {'trait_type': 'Vest', 'value': ""It's Technical""}, {'trait_type': 'Mask', 'value': 'Plunder'}, {'trait_type': 'Hair', 'value': 'Strange'}, {'trait_type': 'Tops', 'value': 'Suspicious Blue'"
42,https://cyberbrokers-api-images.s3.amazonaws.com/c2fae0d467c7e5bd31c8b5312d5d99ae8d1e27488bcc6d851c02eb391caab724.svg,Xena  Skinner,"""Not every Cyberbroker is born with an innate talent. They are the Leftovers. Jacks of all trades, but masters of none. Can't find an Enforcer? Grab some Leftovers instead. After all, there's probably a reason they're still alive after a couple centuries.""",https://cyberbrokers.io/,"[{'trait_type': 'Talent', 'value': 'Leftover'}, {'trait_type': 'Species', 'value': 'Human'}, {'trait_type': 'Class', 'value': 'Leftovers'}, {'trait_type': 'Mind', 'value': 11}, {'trait_type': 'Body', 'value': 15}, {'trait_type': 'Soul', 'value': 21}, {'trait_type': 'Underwear', 'value': 'Charcoal'}, {'trait_type': 'Tops', 'value': 'Dark Alley'}, {'trait_type': 'Pants', 'value': 'Coal'}, {'trait_type': 'Vest', 'value': 'Polar Vest'}, {'trait_type': 'Hair', 'value': 'Playful'"
43,https://cyberbrokers-api-images.s3.amazonaws.com/2f65f81b8cf1e7c9345e11014b3b9686d752bea94f8b9719ed201edd426ce978.svg,The Minty,"""Not every Cyberbroker is born with an innate talent. They are the Leftovers. Jacks of all trades, but masters of none. Can't find an Enforcer? Grab some Leftovers instead. After all, there's probably a reason they're still alive after a couple centuries.""",https://cyberbrokers.io/,"[{'trait_type': 'Talent', 'value': 'Leftover'}, {'trait_type': 'Species', 'value': 'Human'}, {'trait_type': 'Class', 'value': 'Leftovers'}, {'trait_type': 'Mind', 'value': 10}, {'trait_type': 'Body', 'value': 22}, {'trait_type': 'Soul', 'value': 16}, {'trait_type': 'Tops', 'value': 'Lugnut'}, {'trait_type': 'Pants', 'value': 'Run'}, {'trait_type': 'Facial Covering', 'value': 'Razer Burn'}, {'trait_type': 'Hair', 'value': 'Glean'"
44,https://cyberbrokers-api-images.s3.amazonaws.com/ad072629416559a4b38919e453dcb265a352d342804a4ea9cab39de07625d824.svg,The Noble,"""Yieldfarmers tend to spend an other-worldly amount on gas, but that's the price you pay for those juicy returns.  This isn't like your grandfather's crop, and there isn't much time for the herd of sheeple.  It's stake and farm and stake and farm, forever chasing that four-digit APY.""",https://cyberbrokers.io/,"[{'trait_type': 'Talent', 'value': 'Yieldfarmer'}, {'trait_type': 'Species', 'value': 'Human'}, {'trait_type': 'Class', 'value': 'Creators'}, {'trait_type': 'Mind', 'value': 19}, {'trait_type': 'Body', 'value': 16}, {'trait_type': 'Soul', 'value': 16}, {'trait_type': 'Tops', 'value': 'Agrótis'}, {'trait_type': 'Pants', 'value': ""Saint Patrick's Overalls""}, {'trait_type': 'Outerwear', 'value': 'Crimson'}, {'trait_type': 'Sling', 'value': 'Stake'}, {'trait_type': 'Hair', 'value': 'Wispy'}, {'trait_type': 'Hat', 'value': 'Lime Farmer'}, {'trait_type': 'Eyes', 'value': 'Statistics Pink'}, {'trait_type': 'Head Accessory', 'value': 'Straw'}, {'trait_type': 'Boots', 'value': 'In The Spotlight'"
45,https://cyberbrokers-api-images.s3.amazonaws.com/b1489b9320714a219e5cf3044d317e29c5c9b99533702dec56ca28f9167582ba.svg,Proud Monotone,"'Every story has its villain.  Sometimes they\'re a giant dragon.  Sometimes they\'re an antiquated drone still running on Cobol that circles your head, snapping \'grams, and blasting, ""You are now mine!"" in between beats of modem static noise.  Usually, though, it\'s just a flock of Sheeple blocking the road.'",https://cyberbrokers.io/,"[{'trait_type': 'Talent', 'value': 'Sheeple'}, {'trait_type': 'Species', 'value': 'Human'}, {'trait_type': 'Class', 'value': 'Explorers'}, {'trait_type': 'Mind', 'value': 13}, {'trait_type': 'Body', 'value': 27}, {'trait_type': 'Soul', 'value': 13}, {'trait_type': 'Jumpsuit', 'value': 'Wool'}, {'trait_type': 'Belts', 'value': 'Double Trouble'}, {'trait_type': 'Facial Covering', 'value': 'Standout'}, {'trait_type': 'Head Accessory', 'value': 'Sheeple Hair'"
46,https://cyberbrokers-api-images.s3.amazonaws.com/35389c9c409ec1e087451f689f32b8c9696ea1ed7171b70739f396d4fb1afcef.svg,Malik Dagger,"'First into the breach, MetaExplorers are the vanguard ripping through TPL.  They swarm, battling to be the one to solve the puzzle.  First to defeat any BBEG.  First to reach any destination.  Point them in a direction, then get the hell out of the way.'",https://cyberbrokers.io/,"[{'trait_type': 'Talent', 'value': 'MetaExplorer'}, {'trait_type': 'Species', 'value': 'Human'}, {'trait_type': 'Class', 'value': 'Warriors'}, {'trait_type': 'Mind', 'value': 14}, {'trait_type': 'Body', 'value': 14}, {'trait_type': 'Soul', 'value': 20}, {'trait_type': 'Jumpsuit', 'value': 'Adventure'}, {'trait_type': 'Belts', 'value': 'No Means No'}, {'trait_type': 'Facial Covering', 'value': 'Mod'}, {'trait_type': 'Hair', 'value': 'Magenta Move'"
47,https://cyberbrokers-api-images.s3.amazonaws.com/0e7b6b12acb57d7e4c67bde4048a289ddf986e52372be1b659197f7c4a3e3c07.svg,Roxy Carrick,"""Not every Cyberbroker is born with an innate talent. They are the Leftovers. Jacks of all trades, but masters of none. Can't find an Enforcer? Grab some Leftovers instead. After all, there's probably a reason they're still alive after a couple centuries.""",https://cyberbrokers.io/,"[{'trait_type': 'Talent', 'value': 'Leftover'}, {'trait_type': 'Species', 'value': 'Human'}, {'trait_type': 'Class', 'value': 'Leftovers'}, {'trait_type': 'Mind', 'value': 16}, {'trait_type': 'Body', 'value': 14}, {'trait_type': 'Soul', 'value': 13}, {'trait_type': 'Underwear', 'value': 'Charcoal'}, {'trait_type': 'Pants', 'value': 'Grape Popsicle'}, {'trait_type': 'Outerwear', 'value': 'Crimson'}, {'trait_type': 'Eyes', 'value': 'Cyber Eyes'"
48,https://cyberbrokers-api-images.s3.amazonaws.com/ebac5256fba97e77cbfaf27e541a51dab0a0f687e24b2a9e4a2ce28124401e7c.svg,Whistle of the Warding,"""Assassins are relentless about working alone because there can only be one highest bidder.  Experts in the dematerialization of their targets, you can bet that if you're on their list, it'll be when your hot wallet is full.  Assuming you've anything to left to wager, of course.""",https://cyberbrokers.io/,"[{'trait_type': 'Talent', 'value': 'Assassin'}, {'trait_type': 'Species', 'value': 'Human'}, {'trait_type': 'Class', 'value': 'Warriors'}, {'trait_type': 'Mind', 'value': 17}, {'trait_type': 'Body', 'value': 19}, {'trait_type': 'Soul', 'value': 18}, {'trait_type': 'Underwear', 'value': 'Dress Blue'}, {'trait_type': 'Pants', 'value': 'Silent But Deadly'}, {'trait_type': 'Belts', 'value': 'Just a Whisper'}, {'trait_type': 'Outerwear', 'value': 'Never Hear It Coming Red'}, {'trait_type': 'Mask', 'value': 'Liquidator'"
49,https://cyberbrokers-api-images.s3.amazonaws.com/44e4ad7a3ca7e73519c7123f4d9ee573959cad0fa2f61aff683b98faeb39a157.svg,Deuce the Wavy,"""Look around you. Everything in TPL is made from code. Hackers hunt from far corner to far corner, querying rough edges for exploits. Sometimes, they'll take commission, but, more than likely, if they're talking to you, be polite.  There's a very expensive reason why you should.""",https://cyberbrokers.io/,"[{'trait_type': 'Talent', 'value': 'Hacker'}, {'trait_type': 'Species', 'value': 'Human'}, {'trait_type': 'Class', 'value': 'Explorers'}, {'trait_type': 'Mind', 'value': 19}, {'trait_type': 'Body', 'value': 21}, {'trait_type': 'Soul', 'value': 11}, {'trait_type': 'Markings', 'value': 'Tattoos'}, {'trait_type': 'Underwear', 'value': 'Flamingo'}, {'trait_type': 'Pants', 'value': 'Silent But Deadly'}, {'trait_type': 'Outerwear', 'value': 'Cyber'}, {'trait_type': 'Sling', 'value': 'Labtop'"
50,https://cyberbrokers-api-images.s3.amazonaws.com/b2ba5da57b7fe931f3505be590af1992883916fba2257ead5a20f8b02e541e52.svg,Ulani Pheromone,"""Not every Cyberbroker is born with an innate talent. They are the Leftovers. Jacks of all trades, but masters of none. Can't find an Enforcer? Grab some Leftovers instead. After all, there's probably a reason they're still alive after a couple centuries.""",https://cyberbrokers.io/,"[{'trait_type': 'Talent', 'value': 'Leftover'}, {'trait_type': 'Species', 'value': 'Human'}, {'trait_type': 'Class', 'value': 'Leftovers'}, {'trait_type': 'Mind', 'value': 20}, {'trait_type': 'Body', 'value': 18}, {'trait_type': 'Soul', 'value': 20}, {'trait_type': 'Underwear', 'value': 'Merlot'}, {'trait_type': 'Tops', 'value': 'Mermaid'}, {'trait_type': 'Pants', 'value': 'Medic'}, {'trait_type': 'Hair', 'value': 'Taffy Pull'}, {'trait_type': 'Head Accessory', 'value': 'Devil Horns'"
51,https://cyberbrokers-api-images.s3.amazonaws.com/0cd41e88dec96d9c525f06d966126f12a341caefe7ed2ef2cc75c54d6dcbdb27.svg,Delightful,"""It all began with the use of steganography to hide private keys throughout works of art.  From that simple act, an entirely new class of Explorers was born.  And, ever since their success with that first easter egg, they've started running in small packs.  Gunters are natural puzzle solvers and live to conquer the next quest.""",https://cyberbrokers.io/,"[{'trait_type': 'Talent', 'value': 'Gunter'}, {'trait_type': 'Species', 'value': 'Human'}, {'trait_type': 'Class', 'value': 'Explorers'}, {'trait_type': 'Mind', 'value': 17}, {'trait_type': 'Body', 'value': 18}, {'trait_type': 'Soul', 'value': 20}, {'trait_type': 'Markings', 'value': 'Tattoos'}, {'trait_type': 'Underwear', 'value': 'Navy Strap'}, {'trait_type': 'Pants', 'value': 'Ready for Action Shorts'}, {'trait_type': 'Outerwear', 'value': 'Hide And Seek'}, {'trait_type': 'Necklace', 'value': 'Tie Down'}, {'trait_type': 'Necklace', 'value': 'Verity'}, {'trait_type': 'Hair', 'value': 'Slick Swirl'}, {'trait_type': 'Facial Piercing', 'value': 'Hoops'}, {'trait_type': 'Hat', 'value': 'Solver'"
52,https://cyberbrokers-api-images.s3.amazonaws.com/f597b3c10d61c65c2272f254c035e1812ad2e91884b4de18caf0b03fbc9efafc.svg,Griffin of Shining,"""When your data stick absolutely needs to be there on time and handed off in-person, there is no other option than a Courier.  And all it'll cost you is two days' wages for fast-travel fees and hazard pay.  Delivered in three minutes or it's still not free.""",https://cyberbrokers.io/,"[{'trait_type': 'Talent', 'value': 'Courier'}, {'trait_type': 'Species', 'value': 'Human'}, {'trait_type': 'Class', 'value': 'Services'}, {'trait_type': 'Mind', 'value': 27}, {'trait_type': 'Body', 'value': 4}, {'trait_type': 'Soul', 'value': 20}, {'trait_type': 'Tops', 'value': 'Anyprice'}, {'trait_type': 'Pants', 'value': 'Speedy'}, {'trait_type': 'Outerwear', 'value': 'FAF Orange'}, {'trait_type': 'Sling', 'value': 'Courier Green'}, {'trait_type': 'Hands', 'value': 'Courier'}, {'trait_type': 'Mask', 'value': 'Plunder'}, {'trait_type': 'Hair', 'value': 'Something About Him'"
53,https://cyberbrokers-api-images.s3.amazonaws.com/4a475f7b2d2eb7dd4ba0acca576a897cfd99e6b3ab14fbfb820513ea0c376214.svg,Yenora  Greylyle,"""Not every Cyberbroker is born with an innate talent. They are the Leftovers. Jacks of all trades, but masters of none. Can't find an Enforcer? Grab some Leftovers instead. After all, there's probably a reason they're still alive after a couple centuries.""",https://cyberbrokers.io/,"[{'trait_type': 'Talent', 'value': 'Leftover'}, {'trait_type': 'Species', 'value': 'Human'}, {'trait_type': 'Class', 'value': 'Leftovers'}, {'trait_type': 'Mind', 'value': 15}, {'trait_type': 'Body', 'value': 13}, {'trait_type': 'Soul', 'value': 14}, {'trait_type': 'Back', 'value': 'Wings'}, {'trait_type': 'Underwear', 'value': 'Charcoal'}, {'trait_type': 'Tops', 'value': 'Rust'}, {'trait_type': 'Pants', 'value': 'Grape Popsicle'}, {'trait_type': 'Belts', 'value': 'Tagline'}, {'trait_type': 'Shoulders', 'value': 'Squeakers'}, {'trait_type': 'Hair', 'value': 'Top Bun'}, {'trait_type': 'Hands', 'value': 'Vape'"
54,https://cyberbrokers-api-images.s3.amazonaws.com/0dcaf9b3967bf73b5c5c13fc567c64ba55e994c0b4fc98dad6099945c20e74aa.svg,Quela  Varnished,"'First into the breach, MetaExplorers are the vanguard ripping through TPL.  They swarm, battling to be the one to solve the puzzle.  First to defeat any BBEG.  First to reach any destination.  Point them in a direction, then get the hell out of the way.'",https://cyberbrokers.io/,"[{'trait_type': 'Talent', 'value': 'MetaExplorer'}, {'trait_type': 'Species', 'value': 'Human'}, {'trait_type': 'Class', 'value': 'Warriors'}, {'trait_type': 'Mind', 'value': 13}, {'trait_type': 'Body', 'value': 18}, {'trait_type': 'Soul', 'value': 22}, {'trait_type': 'Underwear', 'value': 'Confidential'}, {'trait_type': 'Tops', 'value': 'Saucy'}, {'trait_type': 'Jumpsuit', 'value': 'Adventure'}, {'trait_type': 'Bracelet', 'value': 'Foil'}, {'trait_type': 'Belts', 'value': 'Tagline'}, {'trait_type': 'Hair', 'value': 'Buns'}, {'trait_type': 'Head Accessory', 'value': 'Angelic Aura'"
55,https://cyberbrokers-api-images.s3.amazonaws.com/cf7f4ed940829e755b4a893b54848a89bfa2f3b2b3ce4c047b1f9bd00e67df67.svg,The Whimper,"'Trained in everything from packet sniffing to ray casting to sample slicing, these TPL spies are able to record and recreate any situation they witness, anywhere in the metaverse.  However, their bulky, beeping gear tends to make it easy to catch them looking over your shoulder.'",https://cyberbrokers.io/,"[{'trait_type': 'Talent', 'value': 'Gargoyle'}, {'trait_type': 'Species', 'value': 'Human'}, {'trait_type': 'Class', 'value': 'Services'}, {'trait_type': 'Mind', 'value': 14}, {'trait_type': 'Body', 'value': 26}, {'trait_type': 'Soul', 'value': 8}, {'trait_type': 'Markings', 'value': 'Shadow'}, {'trait_type': 'Robotic Arms', 'value': 'Gargoyle'}, {'trait_type': 'Underwear', 'value': 'Charcoal'}, {'trait_type': 'Pants', 'value': 'Notre Dame'}, {'trait_type': 'Vest', 'value': 'Ray Cast'}, {'trait_type': 'Belts', 'value': 'Bulky'}, {'trait_type': 'Outerwear', 'value': 'Unicorn'}, {'trait_type': 'Hair', 'value': 'Two Buns'}, {'trait_type': 'Eyes', 'value': 'Peek-A-Boo'}, {'trait_type': 'Tops', 'value': 'Over Your Shoulder'"
56,https://cyberbrokers-api-images.s3.amazonaws.com/3323735c5c8a46a1c77a42b69097641d78303d683ebc8178d5addb32fa66b325.svg,Framed,'What happens when lucid dreamers have their brains wired into the metaverse?  Viscuous sprays of color and mentation coat the world wherever they wander.  Which means the ability to manifest whatever glorious tinsel springs to mind makes them awfully hard to miss at a party.',https://cyberbrokers.io/,"[{'trait_type': 'Talent', 'value': 'Dreamer'}, {'trait_type': 'Species', 'value': 'Human'}, {'trait_type': 'Class', 'value': 'Creators'}, {'trait_type': 'Mind', 'value': 19}, {'trait_type': 'Body', 'value': 17}, {'trait_type': 'Soul', 'value': 23}, {'trait_type': 'Back', 'value': 'Friller'}, {'trait_type': 'Underwear', 'value': 'Fishnet'}, {'trait_type': 'Tops', 'value': 'Bubblelicious'}, {'trait_type': 'Pants', 'value': 'Black As Night'}, {'trait_type': 'Accessory', 'value': 'Swirls'}, {'trait_type': 'Outerwear', 'value': 'Polychromatic'}, {'trait_type': 'Hair', 'value': 'Slick Shaved'}, {'trait_type': 'Helmet', 'value': 'DJ Helmet'"
57,https://cyberbrokers-api-images.s3.amazonaws.com/1421ea25409c5f62056fb1ff8c37b8d95f8b014f4612f92ad865cd37d0e38a27.svg,Clever,"""Yieldfarmers tend to spend an other-worldly amount on gas, but that's the price you pay for those juicy returns.  This isn't like your grandfather's crop, and there isn't much time for the herd of sheeple.  It's stake and farm and stake and farm, forever chasing that four-digit APY.""",https://cyberbrokers.io/,"[{'trait_type': 'Talent', 'value': 'Yieldfarmer'}, {'trait_type': 'Species', 'value': 'Human'}, {'trait_type': 'Class', 'value': 'Creators'}, {'trait_type': 'Mind', 'value': 15}, {'trait_type': 'Body', 'value': 11}, {'trait_type': 'Soul', 'value': 24}, {'trait_type': 'Pants', 'value': ""Saint Patrick's Overalls""}, {'trait_type': 'Sling', 'value': 'Stake'}, {'trait_type': 'Facial Piercing', 'value': 'Spike'}, {'trait_type': 'Hat', 'value': 'Lime Farmer'}, {'trait_type': 'Eyes', 'value': 'Statistics Yellow'}, {'trait_type': 'Head Accessory', 'value': 'Straw'"
58,https://cyberbrokers-api-images.s3.amazonaws.com/2394c5a57e1d5200c51005d7e8a1d86644ae89d2bbca68d80e61ff232ae5999f.svg,Feisty Zavaleta,"""Not every Cyberbroker is born with an innate talent. They are the Leftovers. Jacks of all trades, but masters of none. Can't find an Enforcer? Grab some Leftovers instead. After all, there's probably a reason they're still alive after a couple centuries.""",https://cyberbrokers.io/,"[{'trait_type': 'Talent', 'value': 'Leftover'}, {'trait_type': 'Species', 'value': 'Human'}, {'trait_type': 'Class', 'value': 'Leftovers'}, {'trait_type': 'Mind', 'value': 21}, {'trait_type': 'Body', 'value': 17}, {'trait_type': 'Soul', 'value': 15}, {'trait_type': 'Underwear', 'value': 'Navy Strap'}, {'trait_type': 'Pants', 'value': 'Squeeze Of Lime'}, {'trait_type': 'Knees', 'value': 'Robot'}, {'trait_type': 'Outerwear', 'value': 'Business Casual'}, {'trait_type': 'Hair', 'value': 'Playful'}, {'trait_type': 'Head Accessory', 'value': 'Devil Horns'"
59,https://cyberbrokers-api-images.s3.amazonaws.com/634e5035f6d7d0fa5ee32c7ab5216386cbb4b2e5cab83fb5ad8e848fcd56bc72.svg,Amelia Shimmering,"'Trained in everything from packet sniffing to ray casting to sample slicing, these TPL spies are able to record and recreate any situation they witness, anywhere in the metaverse.  However, their bulky, beeping gear tends to make it easy to catch them looking over your shoulder.'",https://cyberbrokers.io/,"[{'trait_type': 'Talent', 'value': 'Gargoyle'}, {'trait_type': 'Species', 'value': 'Human'}, {'trait_type': 'Class', 'value': 'Services'}, {'trait_type': 'Mind', 'value': 21}, {'trait_type': 'Body', 'value': 8}, {'trait_type': 'Soul', 'value': 22}, {'trait_type': 'Underwear', 'value': 'Charcoal'}, {'trait_type': 'Dress', 'value': 'Latex'}, {'trait_type': 'Vest', 'value': 'Ray Cast'}, {'trait_type': 'Hands', 'value': 'Tied'}, {'trait_type': 'Belts', 'value': 'Bulky'}, {'trait_type': 'Mask', 'value': 'Clear'}, {'trait_type': 'Hair', 'value': 'Short'}, {'trait_type': 'Tops', 'value': 'Over Your Shoulder'"
60,https://cyberbrokers-api-images.s3.amazonaws.com/ff82e230f022e0a57b11fc67409955b0a388ff5a0651cb3a0278a5c8d0e437e9.svg,Lisle Sickly Hole,"""Not every Cyberbroker is born with an innate talent. They are the Leftovers. Jacks of all trades, but masters of none. Can't find an Enforcer? Grab some Leftovers instead. After all, there's probably a reason they're still alive after a couple centuries.""",https://cyberbrokers.io/,"[{'trait_type': 'Talent', 'value': 'Leftover'}, {'trait_type': 'Species', 'value': 'Human'}, {'trait_type': 'Class', 'value': 'Leftovers'}, {'trait_type': 'Mind', 'value': 21}, {'trait_type': 'Body', 'value': 22}, {'trait_type': 'Soul', 'value': 17}, {'trait_type': 'Underwear', 'value': 'Navy Strap'}, {'trait_type': 'Tops', 'value': 'Dark Alley'}, {'trait_type': 'Jumpsuit', 'value': 'Aisle 10'}, {'trait_type': 'Belts', 'value': 'Bulky'}, {'trait_type': 'Hair', 'value': 'Icy'"
61,https://cyberbrokers-api-images.s3.amazonaws.com/e9ae3654742187d14dd427d7c16c22cb279a101d3a6e576de1ffedc7f7a3d63b.svg,Crystal,"""Sometimes you have stretched UV maps.  Other times, it's a broken DLC patch.  Regardless of what corner of TPL is busted, Mechanics have the right tool for the job.  They're expensive, but you're going to have to call them anyway after you try and fix it yourself.""",https://cyberbrokers.io/,"[{'trait_type': 'Talent', 'value': 'Mechanic'}, {'trait_type': 'Species', 'value': 'Human'}, {'trait_type': 'Class', 'value': 'Services'}, {'trait_type': 'Mind', 'value': 23}, {'trait_type': 'Body', 'value': 13}, {'trait_type': 'Soul', 'value': 16}, {'trait_type': 'Robotic Arms', 'value': 'It Will Burn Ya'}, {'trait_type': 'Underwear', 'value': 'Dress Blue'}, {'trait_type': 'Tops', 'value': 'Bubblelicious'}, {'trait_type': 'Pants', 'value': 'Check Engine Light'}, {'trait_type': 'Belts', 'value': 'Righty Tighty'}, {'trait_type': 'Hair', 'value': 'Sunrise'"
62,https://cyberbrokers-api-images.s3.amazonaws.com/f9a41a3e431b33d3a472624b7e5ed0aab6590cde1587f8ce71079b544fe9b125.svg,The Dim,"""Not every Cyberbroker is born with an innate talent. They are the Leftovers. Jacks of all trades, but masters of none. Can't find an Enforcer? Grab some Leftovers instead. After all, there's probably a reason they're still alive after a couple centuries.""",https://cyberbrokers.io/,"[{'trait_type': 'Talent', 'value': 'Leftover'}, {'trait_type': 'Species', 'value': 'Human'}, {'trait_type': 'Class', 'value': 'Leftovers'}, {'trait_type': 'Mind', 'value': 17}, {'trait_type': 'Body', 'value': 17}, {'trait_type': 'Soul', 'value': 17}, {'trait_type': 'Tops', 'value': 'Know When to Hold Them'}, {'trait_type': 'Pants', 'value': 'Medic'}, {'trait_type': 'Hair', 'value': 'Pompadour'"
63,https://cyberbrokers-api-images.s3.amazonaws.com/235b04b4ceef65aac5b3e54d7b08f59006f13eb9db08b2e5a085ef705305deea.svg,Stroke Tronstad,"""Not every Cyberbroker is born with an innate talent. They are the Leftovers. Jacks of all trades, but masters of none. Can't find an Enforcer? Grab some Leftovers instead. After all, there's probably a reason they're still alive after a couple centuries.""",https://cyberbrokers.io/,"[{'trait_type': 'Talent', 'value': 'Leftover'}, {'trait_type': 'Species', 'value': 'Human'}, {'trait_type': 'Class', 'value': 'Leftovers'}, {'trait_type': 'Mind', 'value': 26}, {'trait_type': 'Body', 'value': 15}, {'trait_type': 'Soul', 'value': 22}, {'trait_type': 'Tops', 'value': 'Brown Agrótis'}, {'trait_type': 'Pants', 'value': 'Taffy'}, {'trait_type': 'Hands', 'value': 'Tied'}, {'trait_type': 'Facial Covering', 'value': 'Razer Burn'}, {'trait_type': 'Hair', 'value': 'Hero'"
64,https://cyberbrokers-api-images.s3.amazonaws.com/14874fc15139ba7b283a2ef92ec9f3a4f704bf4a0b52700f2ba189dba55c04ff.svg,Colby Hyden,"""Not every Cyberbroker is born with an innate talent. They are the Leftovers. Jacks of all trades, but masters of none. Can't find an Enforcer? Grab some Leftovers instead. After all, there's probably a reason they're still alive after a couple centuries.""",https://cyberbrokers.io/,"[{'trait_type': 'Talent', 'value': 'Leftover'}, {'trait_type': 'Species', 'value': 'Human'}, {'trait_type': 'Class', 'value': 'Leftovers'}, {'trait_type': 'Mind', 'value': 25}, {'trait_type': 'Body', 'value': 16}, {'trait_type': 'Soul', 'value': 17}, {'trait_type': 'Tops', 'value': 'Electron Candy Wrapper'}, {'trait_type': 'Pants', 'value': 'Confetti'}, {'trait_type': 'Eyes', 'value': 'Coast is Clear'}, {'trait_type': 'Hair', 'value': 'Just Woke Up'"
65,https://cyberbrokers-api-images.s3.amazonaws.com/79d833fe57fe870baf6f3933906e19c08cc1873db2dd2102b0325817f04818a3.svg,Reese Sloppy,"""Not every Cyberbroker is born with an innate talent. They are the Leftovers. Jacks of all trades, but masters of none. Can't find an Enforcer? Grab some Leftovers instead. After all, there's probably a reason they're still alive after a couple centuries.""",https://cyberbrokers.io/,"[{'trait_type': 'Talent', 'value': 'Leftover'}, {'trait_type': 'Species', 'value': 'Human'}, {'trait_type': 'Class', 'value': 'Leftovers'}, {'trait_type': 'Mind', 'value': 22}, {'trait_type': 'Body', 'value': 14}, {'trait_type': 'Soul', 'value': 18}, {'trait_type': 'Underwear', 'value': 'Fishnet'}, {'trait_type': 'Tops', 'value': 'Buckle'}, {'trait_type': 'Jumpsuit', 'value': 'Candy Apple'}, {'trait_type': 'Outerwear', 'value': 'Surprise'}, {'trait_type': 'Eyes', 'value': 'Fees Initiated'}, {'trait_type': 'Hair', 'value': 'Stringy'}, {'trait_type': 'Boots', 'value': 'In The Spotlight'"
66,https://cyberbrokers-api-images.s3.amazonaws.com/1070c838ebba25750b92cff2dc42e536c3d879cc3d0203505d204637055bc98b.svg,Lyrical,"""Historically, city planners have designed the intersections of space and people.  However, in the real world, there are vastly different needs for a physical-based populace.  When the basics like food and shelter aren't needed, everything becomes a game.""",https://cyberbrokers.io/,"[{'trait_type': 'Talent', 'value': 'PuzzleMaster'}, {'trait_type': 'Species', 'value': 'Human'}, {'trait_type': 'Class', 'value': 'Creators'}, {'trait_type': 'Mind', 'value': 16}, {'trait_type': 'Body', 'value': 14}, {'trait_type': 'Soul', 'value': 22}, {'trait_type': 'Underwear', 'value': 'Confidential'}, {'trait_type': 'Tops', 'value': '1 Down'}, {'trait_type': 'Pants', 'value': '2 Across'}, {'trait_type': 'Hair', 'value': 'Golden Locks'"
67,https://cyberbrokers-api-images.s3.amazonaws.com/163e7fb9bd7c2dd1716a649afb7e9043438c6aea1c44263a6482cb911b68121e.svg,Deuce from Castro,"""Not every Cyberbroker is born with an innate talent. They are the Leftovers. Jacks of all trades, but masters of none. Can't find an Enforcer? Grab some Leftovers instead. After all, there's probably a reason they're still alive after a couple centuries.""",https://cyberbrokers.io/,"[{'trait_type': 'Talent', 'value': 'Leftover'}, {'trait_type': 'Species', 'value': 'Human'}, {'trait_type': 'Class', 'value': 'Leftovers'}, {'trait_type': 'Mind', 'value': 10}, {'trait_type': 'Body', 'value': 14}, {'trait_type': 'Soul', 'value': 16}, {'trait_type': 'Pants', 'value': ""Can't Touch This""}, {'trait_type': 'Outerwear', 'value': 'Surprise'}, {'trait_type': 'Facial Covering', 'value': 'Santa'}, {'trait_type': 'Mask', 'value': 'Breathe Wear'}, {'trait_type': 'Hair', 'value': 'Pompadour'}, {'trait_type': 'Head Accessory', 'value': 'Horns'"
68,https://cyberbrokers-api-images.s3.amazonaws.com/516e001bbd0629b3f85120d95eec0f2d7916390d37ca16c9870c8262f1bb2303.svg,Lyric Walten,"""Not every Cyberbroker is born with an innate talent. They are the Leftovers. Jacks of all trades, but masters of none. Can't find an Enforcer? Grab some Leftovers instead. After all, there's probably a reason they're still alive after a couple centuries.""",https://cyberbrokers.io/,"[{'trait_type': 'Talent', 'value': 'Leftover'}, {'trait_type': 'Species', 'value': 'Human'}, {'trait_type': 'Class', 'value': 'Leftovers'}, {'trait_type': 'Mind', 'value': 18}, {'trait_type': 'Body', 'value': 24}, {'trait_type': 'Soul', 'value': 22}, {'trait_type': 'Underwear', 'value': 'Fishnet'}, {'trait_type': 'Hair', 'value': 'Creula'}, {'trait_type': 'Dress', 'value': ""Let's Go Out"""
69,https://cyberbrokers-api-images.s3.amazonaws.com/cb09b1299c568b9672d45795bce08991fb2dc1d09b589351549470c88cf4071b.svg,Helene,"'Trained in everything from packet sniffing to ray casting to sample slicing, these TPL spies are able to record and recreate any situation they witness, anywhere in the metaverse.  However, their bulky, beeping gear tends to make it easy to catch them looking over your shoulder.'",https://cyberbrokers.io/,"[{'trait_type': 'Talent', 'value': 'Gargoyle'}, {'trait_type': 'Species', 'value': 'Human'}, {'trait_type': 'Class', 'value': 'Services'}, {'trait_type': 'Mind', 'value': 14}, {'trait_type': 'Body', 'value': 22}, {'trait_type': 'Soul', 'value': 17}, {'trait_type': 'Underwear', 'value': 'Dress Blue'}, {'trait_type': 'Tops', 'value': 'Royal Night'}, {'trait_type': 'Pants', 'value': 'Notre Dame'}, {'trait_type': 'Vest', 'value': 'Ray Cast'}, {'trait_type': 'Belts', 'value': 'Bulky'}, {'trait_type': 'Hair', 'value': 'Playful'"
70,https://cyberbrokers-api-images.s3.amazonaws.com/57f1274be590c6fc1cc01c31b08f6388416b04061fe3a0da59ddeb0f43c61186.svg,Curious,"'Digital fanboys and fangirls, flipping out about the next hottest thing can be irritating to some people, but not us.  We love looking in the mirror and seeing a Degen.  Swimming in endless joy, potential, and optimism.  Breathing in deep of that strawberry-flavored hopium.  Degen forever.  <3'",https://cyberbrokers.io/,"[{'trait_type': 'Talent', 'value': 'Degen'}, {'trait_type': 'Species', 'value': 'Human'}, {'trait_type': 'Class', 'value': 'Explorers'}, {'trait_type': 'Mind', 'value': 17}, {'trait_type': 'Body', 'value': 12}, {'trait_type': 'Soul', 'value': 9}, {'trait_type': 'Underwear', 'value': 'Vixen'}, {'trait_type': 'Underwear', 'value': 'Navy Strap'}, {'trait_type': 'Pants', 'value': ""Wave Them Like You Just Don't Care""}, {'trait_type': 'Outerwear', 'value': 'The Incredible Hulk'}, {'trait_type': 'Hair', 'value': 'Ring'}, {'trait_type': 'Hat', 'value': 'Lime Farmer'}, {'trait_type': 'Accessory', 'value': 'SuperRare Floatie'}, {'trait_type': 'Tops', 'value': 'SuperRare Jersey'"
71,https://cyberbrokers-api-images.s3.amazonaws.com/cdcc595fcd0a167dcad113659ded8e8b5494ef8437adc6021c6a30bfeaeb0bad.svg,Smooth Helfpul Amara,"'Because a TPL Rig is wired directly into the brains of Drifters, there is an enormous opportunity to artificially stimulate the meatspace bundles of axons, increasing mental clarity, focus & cognitive performance.  However, not everyone enjoys getting high on their own power supply.'",https://cyberbrokers.io/,"[{'trait_type': 'Talent', 'value': 'Dealer'}, {'trait_type': 'Species', 'value': 'Human'}, {'trait_type': 'Class', 'value': 'Services'}, {'trait_type': 'Mind', 'value': 19}, {'trait_type': 'Body', 'value': 15}, {'trait_type': 'Soul', 'value': 25}, {'trait_type': 'Underwear', 'value': 'Charcoal'}, {'trait_type': 'Tops', 'value': 'Candy Wrapper'}, {'trait_type': 'Pants', 'value': 'Taffy'}, {'trait_type': 'Shoulders', 'value': 'Biker'}, {'trait_type': 'Sling', 'value': 'Need A Watch Purple'}, {'trait_type': 'Outerwear', 'value': 'I Got What You Need'}, {'trait_type': 'Eyes', 'value': 'Retro'}, {'trait_type': 'Hair', 'value': 'Drape'}, {'trait_type': 'Hat', 'value': 'Meow'}, {'trait_type': 'Hands', 'value': 'Dealer Hands'"
72,https://cyberbrokers-api-images.s3.amazonaws.com/f439f25a6ec95f6f858b0b0bed1f934059b82ddb06416088d294f834fc20881f.svg,Igor Hubbub Yuki,"""Not every Cyberbroker is born with an innate talent. They are the Leftovers. Jacks of all trades, but masters of none. Can't find an Enforcer? Grab some Leftovers instead. After all, there's probably a reason they're still alive after a couple centuries.""",https://cyberbrokers.io/,"[{'trait_type': 'Talent', 'value': 'Leftover'}, {'trait_type': 'Species', 'value': 'Human'}, {'trait_type': 'Class', 'value': 'Leftovers'}, {'trait_type': 'Mind', 'value': 19}, {'trait_type': 'Body', 'value': 9}, {'trait_type': 'Soul', 'value': 9}, {'trait_type': 'Tops', 'value': 'Scripture'}, {'trait_type': 'Pants', 'value': 'Beaker'}, {'trait_type': 'Shoulders', 'value': 'Hielo'}, {'trait_type': 'Necklace', 'value': 'Herb'}, {'trait_type': 'Hair', 'value': 'Just Woke Up'}, {'trait_type': 'Outerwear', 'value': 'Golden Healer'"
73,https://cyberbrokers-api-images.s3.amazonaws.com/067c3e243a8fea61ce6c0745e5380af5213c84433ae9fad03d249c9cc55e2204.svg,Selah Sutton,"""Not every Cyberbroker is born with an innate talent. They are the Leftovers. Jacks of all trades, but masters of none. Can't find an Enforcer? Grab some Leftovers instead. After all, there's probably a reason they're still alive after a couple centuries.""",https://cyberbrokers.io/,"[{'trait_type': 'Talent', 'value': 'Leftover'}, {'trait_type': 'Species', 'value': 'Human'}, {'trait_type': 'Class', 'value': 'Leftovers'}, {'trait_type': 'Mind', 'value': 13}, {'trait_type': 'Body', 'value': 17}, {'trait_type': 'Soul', 'value': 15}, {'trait_type': 'Underwear', 'value': 'Charcoal'}, {'trait_type': 'Tops', 'value': 'Bubblelicious'}, {'trait_type': 'Jumpsuit', 'value': 'Froggy'}, {'trait_type': 'Outerwear', 'value': 'Unicorn'}, {'trait_type': 'Hair', 'value': 'Crisp'}, {'trait_type': 'Boots', 'value': 'In The Spotlight'"
74,https://cyberbrokers-api-images.s3.amazonaws.com/c77b0950ee18aed8a09dd641c7cebe8faf56a5322e7ebee187889b133ae3019e.svg,Serene,"""It all began with the use of steganography to hide private keys throughout works of art.  From that simple act, an entirely new class of Explorers was born.  And, ever since their success with that first easter egg, they've started running in small packs.  Gunters are natural puzzle solvers and live to conquer the next quest.""",https://cyberbrokers.io/,"[{'trait_type': 'Talent', 'value': 'Gunter'}, {'trait_type': 'Species', 'value': 'Human'}, {'trait_type': 'Class', 'value': 'Explorers'}, {'trait_type': 'Mind', 'value': 13}, {'trait_type': 'Body', 'value': 26}, {'trait_type': 'Soul', 'value': 17}, {'trait_type': 'Underwear', 'value': 'Navy Strap'}, {'trait_type': 'Jumpsuit', 'value': 'Transparent'}, {'trait_type': 'Necklace', 'value': 'Tie Down'}, {'trait_type': 'Hair', 'value': 'Short'}, {'trait_type': 'Hat', 'value': 'Solver'"
75,https://cyberbrokers-api-images.s3.amazonaws.com/f9ad141320accacc4496b2989e1a5da4513f1feb8d185db151144183d91eb563.svg,Backwoods Chewy,"""Even in TPL, digital items can fall off the back of a truck.  Well, maybe more like they can be found, but after being lost and forgotten on the Strip.  Kind of.  More like laying lost along the Strip, but if the Strip was actually a private wallet.  I mean, they're just sitting there for anyone to take, right?""",https://cyberbrokers.io/,"[{'trait_type': 'Talent', 'value': 'Looter'}, {'trait_type': 'Species', 'value': 'Human'}, {'trait_type': 'Class', 'value': 'Explorers'}, {'trait_type': 'Mind', 'value': 19}, {'trait_type': 'Body', 'value': 15}, {'trait_type': 'Soul', 'value': 8}, {'trait_type': 'Underwear', 'value': 'Dress Blue'}, {'trait_type': 'Tops', 'value': 'Ruby Red'}, {'trait_type': 'Pants', 'value': 'Heliotrope'}, {'trait_type': 'Helmet', 'value': 'Eye See You'}, {'trait_type': 'Necklace', 'value': 'Plated'}, {'trait_type': 'Facial Covering', 'value': 'Joker'}, {'trait_type': 'Outerwear', 'value': 'Vanish'"
76,https://cyberbrokers-api-images.s3.amazonaws.com/13ef610cff281ed6b0cc5dd5aaaf79c7a6ab87e92cf3c2ddc56d996784fd6316.svg,Dyssodia Strong,"""Their loyalties are always clear.  Mercenaries are loyal to the almighty coin first, and whoever is paying them second.  Once a contract is signed, they cannot be disuaded, they do not come alone, and they cannot be stopped.  As long as you can foot the bill, they're a blue chip asset.""",https://cyberbrokers.io/,"[{'trait_type': 'Talent', 'value': 'Mercenary'}, {'trait_type': 'Species', 'value': 'Human'}, {'trait_type': 'Class', 'value': 'Warriors'}, {'trait_type': 'Mind', 'value': 14}, {'trait_type': 'Body', 'value': 13}, {'trait_type': 'Soul', 'value': 12}, {'trait_type': 'Markings', 'value': 'Scars'}, {'trait_type': 'Underwear', 'value': 'Fishnet'}, {'trait_type': 'Tops', 'value': 'Anyprice'}, {'trait_type': 'Pants', 'value': ""It's Just A Scratch""}, {'trait_type': 'Hair', 'value': 'Sunset'"
77,https://cyberbrokers-api-images.s3.amazonaws.com/e8742b76ff6303e888490e9c527a30b12c71b1b4e90f414288d308caf5dec1c8.svg,Spark,"""Not every Cyberbroker is born with an innate talent. They are the Leftovers. Jacks of all trades, but masters of none. Can't find an Enforcer? Grab some Leftovers instead. After all, there's probably a reason they're still alive after a couple centuries.""",https://cyberbrokers.io/,"[{'trait_type': 'Talent', 'value': 'Leftover'}, {'trait_type': 'Species', 'value': 'Human'}, {'trait_type': 'Class', 'value': 'Leftovers'}, {'trait_type': 'Mind', 'value': 19}, {'trait_type': 'Body', 'value': 9}, {'trait_type': 'Soul', 'value': 18}, {'trait_type': 'Underwear', 'value': 'Charcoal'}, {'trait_type': 'Tops', 'value': 'Ultracrop'}, {'trait_type': 'Pants', 'value': 'Black As Night'}, {'trait_type': 'Head Accessory', 'value': 'Boomerang'}, {'trait_type': 'Helmet', 'value': 'Droid'"
78,https://cyberbrokers-api-images.s3.amazonaws.com/471fc3802c2c48279de9201f894dbbc0842a856929f6ba0b7b66725b30053b6e.svg,Bizarre Scrumptious,"'Trained in everything from packet sniffing to ray casting to sample slicing, these TPL spies are able to record and recreate any situation they witness, anywhere in the metaverse.  However, their bulky, beeping gear tends to make it easy to catch them looking over your shoulder.'",https://cyberbrokers.io/,"[{'trait_type': 'Talent', 'value': 'Gargoyle'}, {'trait_type': 'Species', 'value': 'Human'}, {'trait_type': 'Class', 'value': 'Services'}, {'trait_type': 'Mind', 'value': 20}, {'trait_type': 'Body', 'value': 26}, {'trait_type': 'Soul', 'value': 18}, {'trait_type': 'Underwear', 'value': 'Charcoal'}, {'trait_type': 'Dress', 'value': 'Latex'}, {'trait_type': 'Vest', 'value': 'Ray Cast'}, {'trait_type': 'Belts', 'value': 'Bulky'}, {'trait_type': 'Hair', 'value': 'Pulp'}, {'trait_type': 'Tops', 'value': 'Over Your Shoulder'"
79,https://cyberbrokers-api-images.s3.amazonaws.com/52f81fad43850d66a71df963de44828834994c82526da03668c355f2d34c31e3.svg,Jevelyn,"""The blood and food may not be real, but Chefs can cook up equisite experiences for their patrons according to the culinary digital arts.  From the delicate crunch of a pink lady to the meaty smack of a slab of brisket, you won't miss the runny gruel from your IRL hovel.""",https://cyberbrokers.io/,"[{'trait_type': 'Talent', 'value': 'Chef'}, {'trait_type': 'Species', 'value': 'Human'}, {'trait_type': 'Class', 'value': 'Creators'}, {'trait_type': 'Mind', 'value': 14}, {'trait_type': 'Body', 'value': 16}, {'trait_type': 'Soul', 'value': 22}, {'trait_type': 'Underwear', 'value': 'Charcoal'}, {'trait_type': 'Belts', 'value': 'Toolbelt'}, {'trait_type': 'Hair', 'value': 'Slick Swirl'}, {'trait_type': 'Hat', 'value': 'Chef'}, {'trait_type': 'Apron', 'value': 'Mostly Clean'"
80,https://cyberbrokers-api-images.s3.amazonaws.com/08808df1e1a89299388ea8d0436c0d82842980ba301740ea92354a198243b83b.svg,Xena  of Gery,"""Not every Cyberbroker is born with an innate talent. They are the Leftovers. Jacks of all trades, but masters of none. Can't find an Enforcer? Grab some Leftovers instead. After all, there's probably a reason they're still alive after a couple centuries.""",https://cyberbrokers.io/,"[{'trait_type': 'Talent', 'value': 'Leftover'}, {'trait_type': 'Species', 'value': 'Human'}, {'trait_type': 'Class', 'value': 'Leftovers'}, {'trait_type': 'Mind', 'value': 19}, {'trait_type': 'Body', 'value': 19}, {'trait_type': 'Soul', 'value': 17}, {'trait_type': 'Underwear', 'value': 'Dress Blue'}, {'trait_type': 'Tops', 'value': 'Ultracrop'}, {'trait_type': 'Pants', 'value': 'Heliotrope'}, {'trait_type': 'Shoulders', 'value': 'Lucky 13'}, {'trait_type': 'Eyes', 'value': 'Rimless'}, {'trait_type': 'Hair', 'value': 'Mini Mint'"
81,https://cyberbrokers-api-images.s3.amazonaws.com/4a9c34b4cbccb5075261325b2606192d2f01347e972b04cf78e4a825ed0076a2.svg,Griffin,"""Yieldfarmers tend to spend an other-worldly amount on gas, but that's the price you pay for those juicy returns.  This isn't like your grandfather's crop, and there isn't much time for the herd of sheeple.  It's stake and farm and stake and farm, forever chasing that four-digit APY.""",https://cyberbrokers.io/,"[{'trait_type': 'Talent', 'value': 'Yieldfarmer'}, {'trait_type': 'Species', 'value': 'Human'}, {'trait_type': 'Class', 'value': 'Creators'}, {'trait_type': 'Mind', 'value': 21}, {'trait_type': 'Body', 'value': 17}, {'trait_type': 'Soul', 'value': 12}, {'trait_type': 'Bodysuit', 'value': 'AI'}, {'trait_type': 'Pants', 'value': ""Saint Patrick's Overalls""}, {'trait_type': 'Sling', 'value': 'Stake'}, {'trait_type': 'Hair', 'value': 'Surprised'}, {'trait_type': 'Eyes', 'value': 'Statistics Green'}, {'trait_type': 'Head Accessory', 'value': 'Straw'"
82,https://cyberbrokers-api-images.s3.amazonaws.com/2f1cc7de1e2a891c85c972d848074048584ed27eef4c7e0a3e3644867ad6290d.svg,Session,"""Not every Cyberbroker is born with an innate talent. They are the Leftovers. Jacks of all trades, but masters of none. Can't find an Enforcer? Grab some Leftovers instead. After all, there's probably a reason they're still alive after a couple centuries.""",https://cyberbrokers.io/,"[{'trait_type': 'Talent', 'value': 'Leftover'}, {'trait_type': 'Species', 'value': 'Human'}, {'trait_type': 'Class', 'value': 'Leftovers'}, {'trait_type': 'Mind', 'value': 15}, {'trait_type': 'Body', 'value': 16}, {'trait_type': 'Soul', 'value': 14}, {'trait_type': 'Underwear', 'value': 'Fishnet'}, {'trait_type': 'Pants', 'value': 'Wine Cover of Night'}, {'trait_type': 'Hair', 'value': 'Rubies'}, {'trait_type': 'Tops', 'value': 'Essential Hoodie'"
83,https://cyberbrokers-api-images.s3.amazonaws.com/3209e206b41143149f87000b2dacbc27acef991bc7ffa9ec63df99623afbadf5.svg,Isolde  the Chirp,"""Not every Cyberbroker is born with an innate talent. They are the Leftovers. Jacks of all trades, but masters of none. Can't find an Enforcer? Grab some Leftovers instead. After all, there's probably a reason they're still alive after a couple centuries.""",https://cyberbrokers.io/,"[{'trait_type': 'Talent', 'value': 'Leftover'}, {'trait_type': 'Species', 'value': 'Human'}, {'trait_type': 'Class', 'value': 'Leftovers'}, {'trait_type': 'Mind', 'value': 20}, {'trait_type': 'Body', 'value': 25}, {'trait_type': 'Soul', 'value': 13}, {'trait_type': 'Underwear', 'value': 'Charcoal'}, {'trait_type': 'Tops', 'value': 'Buckle'}, {'trait_type': 'Jumpsuit', 'value': 'Froggy'}, {'trait_type': 'Hair', 'value': 'Shaggy'"
84,https://cyberbrokers-api-images.s3.amazonaws.com/65a0ada0ed244649d86d79129eb8db7899825354830c9fac1ea907922c3674a4.svg,The Buttery,"""Not every Cyberbroker is born with an innate talent. They are the Leftovers. Jacks of all trades, but masters of none. Can't find an Enforcer? Grab some Leftovers instead. After all, there's probably a reason they're still alive after a couple centuries.""",https://cyberbrokers.io/,"[{'trait_type': 'Talent', 'value': 'Leftover'}, {'trait_type': 'Species', 'value': 'Human'}, {'trait_type': 'Class', 'value': 'Leftovers'}, {'trait_type': 'Mind', 'value': 17}, {'trait_type': 'Body', 'value': 17}, {'trait_type': 'Soul', 'value': 13}, {'trait_type': 'Pants', 'value': 'Chocolate Orange'}, {'trait_type': 'Facial Covering', 'value': 'Razer Burn'}, {'trait_type': 'Facial Piercing', 'value': 'Spike'}, {'trait_type': 'Eyes', 'value': 'Funky'}, {'trait_type': 'Hair', 'value': 'Team JB'}, {'trait_type': 'Tops', 'value': 'Stay Warm'"
85,https://cyberbrokers-api-images.s3.amazonaws.com/092d6fd9f1f4e87807fea85c298eb00f523112d122918259dcd6c2946de67f5e.svg,Olaf Zippy Rory,"'""Catch and release"" is the joke.  It\'s catching a whale and getting them to release their grip on their loot.  Phishermen will bait traps and wait for unsuspecting prey to stumble along, always searching for that last, elusive great whale.  Just one more hook.'",https://cyberbrokers.io/,"[{'trait_type': 'Talent', 'value': 'Phisherman'}, {'trait_type': 'Species', 'value': 'Human'}, {'trait_type': 'Class', 'value': 'Warriors'}, {'trait_type': 'Mind', 'value': 12}, {'trait_type': 'Body', 'value': 14}, {'trait_type': 'Soul', 'value': 15}, {'trait_type': 'Tops', 'value': 'RX'}, {'trait_type': 'Pants', 'value': 'Murky'}, {'trait_type': 'Vest', 'value': 'Almost Had It'}, {'trait_type': 'Facial Covering', 'value': 'Mr. Right'}, {'trait_type': 'Hair', 'value': 'Average Joe'}, {'trait_type': 'Hands', 'value': 'Pole'"
86,https://cyberbrokers-api-images.s3.amazonaws.com/0ed396deab3fbc08a67f2c5cfc509e1e6c04097c80e7eafee239a486fc726e59.svg,The Jingle,"""Not every Cyberbroker is born with an innate talent. They are the Leftovers. Jacks of all trades, but masters of none. Can't find an Enforcer? Grab some Leftovers instead. After all, there's probably a reason they're still alive after a couple centuries.""",https://cyberbrokers.io/,"[{'trait_type': 'Talent', 'value': 'Leftover'}, {'trait_type': 'Species', 'value': 'Human'}, {'trait_type': 'Class', 'value': 'Leftovers'}, {'trait_type': 'Mind', 'value': 17}, {'trait_type': 'Body', 'value': 24}, {'trait_type': 'Soul', 'value': 9}, {'trait_type': 'Underwear', 'value': 'Charcoal'}, {'trait_type': 'Tops', 'value': 'Rust'}, {'trait_type': 'Helmet', 'value': 'Eye See You'}, {'trait_type': 'Hair', 'value': 'Angled Chop'}, {'trait_type': 'Tops', 'value': 'Blue Undisturbed Mind'"
87,https://cyberbrokers-api-images.s3.amazonaws.com/2dff15cd66bb1236bf9bea5ea9771a454d75bedf86b7212ddb4086a271b61b9a.svg,Rebel,"""Not every Cyberbroker is born with an innate talent. They are the Leftovers. Jacks of all trades, but masters of none. Can't find an Enforcer? Grab some Leftovers instead. After all, there's probably a reason they're still alive after a couple centuries.""",https://cyberbrokers.io/,"[{'trait_type': 'Talent', 'value': 'Leftover'}, {'trait_type': 'Species', 'value': 'Human'}, {'trait_type': 'Class', 'value': 'Leftovers'}, {'trait_type': 'Mind', 'value': 13}, {'trait_type': 'Body', 'value': 17}, {'trait_type': 'Soul', 'value': 25}, {'trait_type': 'Tops', 'value': 'You Shall Not Pass'}, {'trait_type': 'Pants', 'value': 'Shocking Overalls'}, {'trait_type': 'Facial Covering', 'value': 'Razer Burn'}, {'trait_type': 'Hair', 'value': 'Serious'}, {'trait_type': 'Tops', 'value': 'Suspicious'"
88,https://cyberbrokers-api-images.s3.amazonaws.com/f855f2cfd5e423b2532aa9c31fa8623283ad271df856fac127469959df820475.svg,Prompt  Circuitsmith,"""Not every Cyberbroker is born with an innate talent. They are the Leftovers. Jacks of all trades, but masters of none. Can't find an Enforcer? Grab some Leftovers instead. After all, there's probably a reason they're still alive after a couple centuries.""",https://cyberbrokers.io/,"[{'trait_type': 'Talent', 'value': 'Leftover'}, {'trait_type': 'Species', 'value': 'Human'}, {'trait_type': 'Class', 'value': 'Leftovers'}, {'trait_type': 'Mind', 'value': 15}, {'trait_type': 'Body', 'value': 18}, {'trait_type': 'Soul', 'value': 16}, {'trait_type': 'Back', 'value': 'Wings'}, {'trait_type': 'Underwear', 'value': 'Charcoal'}, {'trait_type': 'Pants', 'value': 'Taffy'}, {'trait_type': 'Bracelet', 'value': 'Joy'}, {'trait_type': 'Belts', 'value': 'Tagline'}, {'trait_type': 'Facial Covering', 'value': 'Band Aid'}, {'trait_type': 'Hair', 'value': 'Glow'}, {'trait_type': 'Eyes', 'value': 'Narrow'}, {'trait_type': 'Tops', 'value': 'Undisturbed Mind'"
89,https://cyberbrokers-api-images.s3.amazonaws.com/7471be42cf1458944ef4395203fd149ea3e21e089457c842b1bbf7814e2e9de5.svg,Fierce Animated,"""Their loyalties are always clear.  Mercenaries are loyal to the almighty coin first, and whoever is paying them second.  Once a contract is signed, they cannot be disuaded, they do not come alone, and they cannot be stopped.  As long as you can foot the bill, they're a blue chip asset.""",https://cyberbrokers.io/,"[{'trait_type': 'Talent', 'value': 'Mercenary'}, {'trait_type': 'Species', 'value': 'Human'}, {'trait_type': 'Class', 'value': 'Warriors'}, {'trait_type': 'Mind', 'value': 7}, {'trait_type': 'Body', 'value': 16}, {'trait_type': 'Soul', 'value': 9}, {'trait_type': 'Markings', 'value': 'Scars'}, {'trait_type': 'Underwear', 'value': 'Confidential'}, {'trait_type': 'Underwear', 'value': 'Merlot'}, {'trait_type': 'Tops', 'value': 'Anyprice'}, {'trait_type': 'Vest', 'value': ""It's Heavy""}, {'trait_type': 'Hair', 'value': 'Rouge'}, {'trait_type': 'Boots', 'value': 'In The Spotlight'"
90,https://cyberbrokers-api-images.s3.amazonaws.com/fddad64180a8a606b20ab40467b4fe9194b664da480c7e33e13a4a7de7f200c4.svg,Foxy,"""It all began with the use of steganography to hide private keys throughout works of art.  From that simple act, an entirely new class of Explorers was born.  And, ever since their success with that first easter egg, they've started running in small packs.  Gunters are natural puzzle solvers and live to conquer the next quest.""",https://cyberbrokers.io/,"[{'trait_type': 'Talent', 'value': 'Gunter'}, {'trait_type': 'Species', 'value': 'Human'}, {'trait_type': 'Class', 'value': 'Explorers'}, {'trait_type': 'Mind', 'value': 9}, {'trait_type': 'Body', 'value': 23}, {'trait_type': 'Soul', 'value': 17}, {'trait_type': 'Tops', 'value': 'Olive'}, {'trait_type': 'Pants', 'value': ""Can't Touch This""}, {'trait_type': 'Hands', 'value': 'Minimalist'}, {'trait_type': 'Necklace', 'value': 'Tie Down'}, {'trait_type': 'Hat', 'value': 'Gunter'}, {'trait_type': 'Head Accessory', 'value': 'Have a Light?'"
91,https://cyberbrokers-api-images.s3.amazonaws.com/bb61103db17f7c0e52661dd2d44d01f052c9a6b2a75d30105be26e82b552c29e.svg,Brooks Unflavored,"'Trained in everything from packet sniffing to ray casting to sample slicing, these TPL spies are able to record and recreate any situation they witness, anywhere in the metaverse.  However, their bulky, beeping gear tends to make it easy to catch them looking over your shoulder.'",https://cyberbrokers.io/,"[{'trait_type': 'Talent', 'value': 'Gargoyle'}, {'trait_type': 'Species', 'value': 'Human'}, {'trait_type': 'Class', 'value': 'Services'}, {'trait_type': 'Mind', 'value': 15}, {'trait_type': 'Body', 'value': 15}, {'trait_type': 'Soul', 'value': 16}, {'trait_type': 'Pants', 'value': 'Notre Dame'}, {'trait_type': 'Vest', 'value': 'Ray Cast'}, {'trait_type': 'Belts', 'value': 'Bulky'}, {'trait_type': 'Hair', 'value': 'Surprised'}, {'trait_type': 'Tops', 'value': 'Over Your Shoulder'"
92,https://cyberbrokers-api-images.s3.amazonaws.com/64f9cde10b3666d3f9f4f8d72818f861ed95d347eef8b73cd1718fbc2041f47c.svg,Solitaria from Tender,"'First into the breach, MetaExplorers are the vanguard ripping through TPL.  They swarm, battling to be the one to solve the puzzle.  First to defeat any BBEG.  First to reach any destination.  Point them in a direction, then get the hell out of the way.'",https://cyberbrokers.io/,"[{'trait_type': 'Talent', 'value': 'MetaExplorer'}, {'trait_type': 'Species', 'value': 'Human'}, {'trait_type': 'Class', 'value': 'Warriors'}, {'trait_type': 'Mind', 'value': 8}, {'trait_type': 'Body', 'value': 24}, {'trait_type': 'Soul', 'value': 14}, {'trait_type': 'Tops', 'value': 'Ruby Red'}, {'trait_type': 'Jumpsuit', 'value': 'Adventure'}, {'trait_type': 'Bracelet', 'value': 'Foil'}, {'trait_type': 'Hair', 'value': 'Slick Swirl'}, {'trait_type': 'Head Accessory', 'value': 'Have a Light?'"
93,https://cyberbrokers-api-images.s3.amazonaws.com/6b506d311fb918ba2693a04a936628749c45e2930ecd1fcbb2c6a2981a202ee5.svg,Heat Clean,"""Not every Cyberbroker is born with an innate talent. They are the Leftovers. Jacks of all trades, but masters of none. Can't find an Enforcer? Grab some Leftovers instead. After all, there's probably a reason they're still alive after a couple centuries.""",https://cyberbrokers.io/,"[{'trait_type': 'Talent', 'value': 'Leftover'}, {'trait_type': 'Species', 'value': 'Human'}, {'trait_type': 'Class', 'value': 'Leftovers'}, {'trait_type': 'Mind', 'value': 14}, {'trait_type': 'Body', 'value': 20}, {'trait_type': 'Soul', 'value': 13}, {'trait_type': 'Tops', 'value': 'Brown Agrótis'}, {'trait_type': 'Pants', 'value': ""Wave Them Like You Just Don't Care""}, {'trait_type': 'Belts', 'value': 'Tagline'}, {'trait_type': 'Helmet', 'value': 'Envoy'}, {'trait_type': 'Head Accessory', 'value': 'Pink Tuners'"
94,https://cyberbrokers-api-images.s3.amazonaws.com/e3ed9f2a1416f14c27a5ae5e9ed081a50e9b2b4e5ab671022b3902a1436eb622.svg,Colton Humdrum,"""Yieldfarmers tend to spend an other-worldly amount on gas, but that's the price you pay for those juicy returns.  This isn't like your grandfather's crop, and there isn't much time for the herd of sheeple.  It's stake and farm and stake and farm, forever chasing that four-digit APY.""",https://cyberbrokers.io/,"[{'trait_type': 'Talent', 'value': 'Yieldfarmer'}, {'trait_type': 'Species', 'value': 'Human'}, {'trait_type': 'Class', 'value': 'Creators'}, {'trait_type': 'Mind', 'value': 10}, {'trait_type': 'Body', 'value': 16}, {'trait_type': 'Soul', 'value': 11}, {'trait_type': 'Pants', 'value': ""Saint Patrick's Overalls""}, {'trait_type': 'Outerwear', 'value': 'Lucky 13'}, {'trait_type': 'Hat', 'value': 'Tangerine Farmer'}, {'trait_type': 'Eyes', 'value': 'Statistics Green'}, {'trait_type': 'Head Accessory', 'value': 'Straw'"
95,https://cyberbrokers-api-images.s3.amazonaws.com/bdeaea5ba3e6715c02dfd93948b8aed590d47c40c07db7d88942f3e4f9da7ff1.svg,Snarling Ablaze,"""They say professional poker players make the best strategy gamers.  It's because the ability to runtime calculate probabilities is an extreme advantage in digital combat.  You have to know when to hatchet, know when to run, and always make sure to watch the eyes.""",https://cyberbrokers.io/,"[{'trait_type': 'Talent', 'value': 'Gambler'}, {'trait_type': 'Species', 'value': 'Human'}, {'trait_type': 'Class', 'value': 'Warriors'}, {'trait_type': 'Mind', 'value': 4}, {'trait_type': 'Body', 'value': 17}, {'trait_type': 'Soul', 'value': 17}, {'trait_type': 'Tops', 'value': 'Know When to Hold Them'}, {'trait_type': 'Pants', 'value': 'Ocean Waves'}, {'trait_type': 'Facial Covering', 'value': 'Santa'}, {'trait_type': 'Eyes', 'value': 'Know When To Run'}, {'trait_type': 'Facial Piercing', 'value': 'Face Boning'}, {'trait_type': 'Hair', 'value': 'Elvish Elder'}, {'trait_type': 'Accessory', 'value': 'Stack The Deck'"
96,https://cyberbrokers-api-images.s3.amazonaws.com/992be8350f6250733f8de0f89c435e795875abf58c0b11594199afac84cad8f7.svg,Unit from Caly,"""Walking down the strip, you may be accosted by an AdBuddy.  Do not be afraid.  They're really excited to show you all the latest gizmos and gadgets.  After all, a discount coupon for the latest Dreamscapes can be a very valuable thing.""",https://cyberbrokers.io/,"[{'trait_type': 'Talent', 'value': 'AdBuddy'}, {'trait_type': 'Species', 'value': 'Ad Buddy'}, {'trait_type': 'Class', 'value': 'Services'}, {'trait_type': 'Mind', 'value': 17}, {'trait_type': 'Body', 'value': 10}, {'trait_type': 'Soul', 'value': 18"
97,https://cyberbrokers-api-images.s3.amazonaws.com/94e99719f7a0be1013b1e1b8c0a7d409bb1e036e6d0e5de2c42929b85a852fe9.svg,Zariah Sabine,"""Not every Cyberbroker is born with an innate talent. They are the Leftovers. Jacks of all trades, but masters of none. Can't find an Enforcer? Grab some Leftovers instead. After all, there's probably a reason they're still alive after a couple centuries.""",https://cyberbrokers.io/,"[{'trait_type': 'Talent', 'value': 'Leftover'}, {'trait_type': 'Species', 'value': 'Human'}, {'trait_type': 'Class', 'value': 'Leftovers'}, {'trait_type': 'Mind', 'value': 19}, {'trait_type': 'Body', 'value': 14}, {'trait_type': 'Soul', 'value': 6}, {'trait_type': 'Underwear', 'value': 'Charcoal'}, {'trait_type': 'Pants', 'value': 'Squeeze Of Lime'}, {'trait_type': 'Hair', 'value': 'Half Up Headband'}, {'trait_type': 'Head Accessory', 'value': 'Angelic Aura'}, {'trait_type': 'Tops', 'value': 'Baseline'"
98,https://cyberbrokers-api-images.s3.amazonaws.com/255633011b00690f3f806597c819fd6836b439c5817ceeac1669e4277a6f08c0.svg,Jay of the Leathery,"""Assassins are relentless about working alone because there can only be one highest bidder.  Experts in the dematerialization of their targets, you can bet that if you're on their list, it'll be when your hot wallet is full.  Assuming you've anything to left to wager, of course.""",https://cyberbrokers.io/,"[{'trait_type': 'Talent', 'value': 'Assassin'}, {'trait_type': 'Species', 'value': 'Human'}, {'trait_type': 'Class', 'value': 'Warriors'}, {'trait_type': 'Mind', 'value': 8}, {'trait_type': 'Body', 'value': 18}, {'trait_type': 'Soul', 'value': 16}, {'trait_type': 'Back', 'value': 'Assassin Swords'}, {'trait_type': 'Jumpsuit', 'value': 'Fiery Dasher'}, {'trait_type': 'Belts', 'value': 'Just A Whisper'}, {'trait_type': 'Facial Covering', 'value': 'Cavalier'}, {'trait_type': 'Mask', 'value': 'Liquidator'}, {'trait_type': 'Head Accessory', 'value': 'Snake Eyes'"
99,https://cyberbrokers-api-images.s3.amazonaws.com/eb532d3c6b872c2c320c9dd542d383b4ebb8c86a31195de973cf1809a0ebe615.svg, Sparks,"""Not every Cyberbroker is born with an innate talent. They are the Leftovers. Jacks of all trades, but masters of none. Can't find an Enforcer? Grab some Leftovers instead. After all, there's probably a reason they're still alive after a couple centuries.""",https://cyberbrokers.io/,"[{'trait_type': 'Talent', 'value': 'Leftover'}, {'trait_type': 'Species', 'value': 'Human'}, {'trait_type': 'Class', 'value': 'Leftovers'}, {'trait_type': 'Mind', 'value': 20}, {'trait_type': 'Body', 'value': 10}, {'trait_type': 'Soul', 'value': 24}, {'trait_type': 'Jumpsuit', 'value': 'Lilac Dasher'}, {'trait_type': 'Outerwear', 'value': 'Polar Vest'}, {'trait_type': 'Facial Covering', 'value': 'Razer Burn'}, {'trait_type': 'Mask', 'value': 'Enshroud'}, {'trait_type': 'Hair', 'value': 'Intrigued'"
